Date,Open,High,Low,Close,Adj Close,Volume
2015-01-05,32.619999,32.709999,31.170000,32.009998,32.009998,698600
2015-01-06,32.189999,32.680000,30.700001,31.129999,31.129999,754200
2015-01-07,31.790001,32.380001,31.090000,32.000000,32.000000,628100
2015-01-08,32.240002,35.500000,32.020000,35.330002,35.330002,1249100
2015-01-09,34.669998,35.009998,33.500000,34.299999,34.299999,792600
2015-01-12,34.330002,35.939999,33.790001,35.330002,35.330002,833000
2015-01-13,35.740002,36.820000,34.500000,34.770000,34.770000,660100
2015-01-14,34.320000,35.020000,33.419998,34.770000,34.770000,571000
2015-01-15,34.779999,35.310001,33.650002,33.980000,33.980000,659800
2015-01-16,33.650002,34.580002,33.599998,34.180000,34.180000,712000
2015-01-20,34.509998,34.650002,32.869999,33.599998,33.599998,1004300
2015-01-21,33.650002,33.770000,33.000000,33.709999,33.709999,712200
2015-01-22,33.000000,33.630001,31.809999,33.520000,33.520000,1314700
2015-01-23,33.389999,34.369999,33.340000,34.150002,34.150002,692100
2015-01-26,33.980000,35.450001,33.980000,35.169998,35.169998,669100
2015-01-27,34.619999,35.150002,34.130001,34.200001,34.200001,381500
2015-01-28,33.689999,34.099998,32.529999,32.660000,32.660000,744000
2015-01-29,33.009998,33.240002,31.910000,32.169998,32.169998,466500
2015-01-30,32.040001,32.779999,31.610001,31.840000,31.840000,799200
2015-02-02,32.560001,32.750000,31.350000,31.969999,31.969999,533400
2015-02-03,32.060001,32.849998,31.570000,32.849998,32.849998,513900
2015-02-04,32.860001,33.849998,32.639999,33.740002,33.740002,667200
2015-02-05,33.730000,34.180000,33.189999,33.360001,33.360001,388000
2015-02-06,33.520000,33.669998,32.799999,32.980000,32.980000,263900
2015-02-09,32.959999,33.869999,32.509998,32.939999,32.939999,527600
2015-02-10,33.830002,33.830002,33.000000,33.750000,33.750000,448400
2015-02-11,33.900002,34.560001,33.500000,33.750000,33.750000,432100
2015-02-12,33.660000,33.889999,33.200001,33.380001,33.380001,317600
2015-02-13,33.299999,36.189999,33.299999,35.700001,35.700001,1142200
2015-02-17,35.599998,37.740002,35.169998,37.450001,37.450001,1045200
2015-02-18,37.419998,38.259998,37.130001,37.549999,37.549999,526100
2015-02-19,37.230000,38.000000,36.000000,36.240002,36.240002,406700
2015-02-20,36.150002,36.990002,36.110001,36.660000,36.660000,425000
2015-02-23,36.500000,37.869999,36.500000,37.750000,37.750000,728200
2015-02-24,37.980000,38.500000,37.250000,38.410000,38.410000,629300
2015-02-25,37.740002,38.299999,37.439999,37.900002,37.900002,814900
2015-02-26,36.900002,37.549999,34.759998,36.049999,36.049999,1567400
2015-02-27,37.130001,38.349998,36.750000,37.599998,37.599998,1152900
2015-03-02,37.360001,38.270000,37.029999,37.400002,37.400002,574100
2015-03-03,37.000000,38.439999,36.990002,38.119999,38.119999,469100
2015-03-04,38.250000,39.060001,38.000000,38.860001,38.860001,425900
2015-03-05,39.290001,39.580002,38.669998,39.240002,39.240002,462100
2015-03-06,39.250000,39.389999,37.849998,39.009998,39.009998,510900
2015-03-09,39.150002,39.150002,37.150002,37.209999,37.209999,539400
2015-03-10,36.919998,37.230000,36.389999,36.770000,36.770000,404300
2015-03-11,36.889999,37.330002,36.619999,37.240002,37.240002,249300
2015-03-12,37.230000,37.849998,37.119999,37.779999,37.779999,354400
2015-03-13,37.439999,38.270000,37.209999,38.209999,38.209999,333600
2015-03-16,38.049999,38.610001,37.250000,38.470001,38.470001,465500
2015-03-17,38.610001,39.880001,38.459999,39.790001,39.790001,592400
2015-03-18,39.380001,40.160000,38.110001,40.099998,40.099998,1071200
2015-03-19,40.910000,41.389999,39.509998,41.369999,41.369999,930500
2015-03-20,41.410000,42.650002,41.139999,41.630001,41.630001,931900
2015-03-23,41.380001,42.810001,41.080002,41.919998,41.919998,681100
2015-03-24,42.099998,42.660000,41.310001,41.660000,41.660000,608800
2015-03-25,41.369999,42.490002,41.209999,41.500000,41.500000,670400
2015-03-26,41.419998,42.119999,40.720001,41.770000,41.770000,642500
2015-03-27,41.820000,42.590000,41.360001,42.400002,42.400002,545400
2015-03-30,42.709999,42.840000,41.299999,42.470001,42.470001,767400
2015-03-31,42.470001,42.470001,41.000000,41.380001,41.380001,737900
2015-04-01,45.480000,46.230000,40.860001,41.330002,41.330002,2732300
2015-04-02,41.330002,41.849998,40.590000,41.279999,41.279999,814600
2015-04-06,40.959999,42.180000,40.799999,41.590000,41.590000,1533100
2015-04-07,41.540001,42.660000,41.310001,41.889999,41.889999,639900
2015-04-08,42.000000,43.020000,41.470001,42.980000,42.980000,547400
2015-04-09,42.730000,43.570000,42.549999,43.419998,43.419998,501700
2015-04-10,43.380001,43.860001,42.849998,42.930000,42.930000,428200
2015-04-13,43.660000,44.000000,43.189999,43.240002,43.240002,728100
2015-04-14,43.139999,43.529999,42.500000,43.500000,43.500000,526600
2015-04-15,43.470001,44.299999,43.200001,43.950001,43.950001,475300
2015-04-16,43.959999,44.439999,43.320000,43.630001,43.630001,421900
2015-04-17,43.520000,43.520000,42.320000,42.599998,42.599998,540500
2015-04-20,42.740002,43.049999,42.400002,42.700001,42.700001,366800
2015-04-21,42.720001,42.849998,41.700001,41.770000,41.770000,370200
2015-04-22,41.790001,42.439999,41.430000,42.160000,42.160000,433800
2015-04-23,42.000000,42.130001,41.419998,41.650002,41.650002,241500
2015-04-24,41.520000,42.430000,40.750000,41.130001,41.130001,417700
2015-04-27,41.060001,41.060001,39.400002,39.470001,39.470001,507100
2015-04-28,39.340000,39.950001,38.970001,39.419998,39.419998,553100
2015-04-29,39.410000,39.540001,38.779999,39.090000,39.090000,499400
2015-04-30,38.970001,40.320000,38.820000,39.939999,39.939999,673900
2015-05-01,39.790001,40.889999,39.790001,40.520000,40.520000,441600
2015-05-04,40.470001,41.980000,40.470001,41.660000,41.660000,724900
2015-05-05,41.650002,42.139999,40.880001,41.349998,41.349998,630600
2015-05-06,41.400002,41.700001,40.849998,41.330002,41.330002,548700
2015-05-07,41.020000,42.240002,41.020000,41.799999,41.799999,480900
2015-05-08,41.939999,42.619999,41.650002,42.130001,42.130001,417900
2015-05-11,42.160000,42.549999,41.770000,42.200001,42.200001,350900
2015-05-12,42.480000,42.880001,41.980000,42.250000,42.250000,399400
2015-05-13,42.169998,42.500000,41.650002,42.209999,42.209999,371400
2015-05-14,42.160000,42.740002,41.330002,42.110001,42.110001,494100
2015-05-15,42.230000,42.630001,41.389999,41.930000,41.930000,528800
2015-05-18,41.820000,42.540001,41.439999,42.439999,42.439999,365800
2015-05-19,42.439999,42.470001,41.130001,41.240002,41.240002,558400
2015-05-20,41.090000,41.889999,40.990002,41.009998,41.009998,407000
2015-05-21,41.240002,42.130001,40.590000,41.470001,41.470001,396000
2015-05-22,41.340000,41.740002,40.650002,40.770000,40.770000,245600
2015-05-26,40.610001,43.669998,40.549999,43.439999,43.439999,798800
2015-05-27,43.590000,44.720001,43.529999,43.730000,43.730000,622300
2015-05-28,43.349998,44.380001,43.080002,44.310001,44.310001,413200
2015-05-29,44.070000,44.580002,42.520000,42.950001,42.950001,711300
2015-06-01,43.130001,43.200001,41.400002,42.090000,42.090000,600800
2015-06-02,41.529999,44.310001,41.529999,42.529999,42.529999,542600
2015-06-03,42.529999,43.869999,42.520000,43.650002,43.650002,385500
2015-06-04,43.250000,44.389999,43.139999,43.520000,43.520000,507700
2015-06-05,43.330002,43.860001,40.529999,40.740002,40.740002,1510300
2015-06-08,42.150002,42.250000,38.639999,39.009998,39.009998,2101200
2015-06-09,38.750000,38.959999,36.009998,36.610001,36.610001,2805100
2015-06-10,36.000000,36.029999,28.860001,29.520000,29.520000,7534200
2015-06-11,30.049999,30.450001,28.250000,28.549999,28.549999,4321700
2015-06-12,29.000000,29.100000,27.709999,28.070000,28.070000,2420200
2015-06-15,28.100000,28.100000,27.030001,27.090000,27.090000,2204900
2015-06-16,27.070000,27.670000,26.530001,27.209999,27.209999,1849000
2015-06-17,27.090000,28.059999,26.879999,27.100000,27.100000,1126700
2015-06-18,27.209999,28.549999,27.049999,28.150000,28.150000,1341300
2015-06-19,28.750000,29.770000,27.750000,29.230000,29.230000,1656400
2015-06-22,29.559999,29.950001,28.360001,28.370001,28.370001,833400
2015-06-23,28.190001,29.379999,28.129999,28.809999,28.809999,969300
2015-06-24,28.809999,29.799999,28.389999,28.799999,28.799999,935900
2015-06-25,29.090000,29.139999,28.150000,28.280001,28.280001,643000
2015-06-26,28.400000,28.770000,27.750000,28.120001,28.120001,1549500
2015-06-29,28.070000,28.110001,26.900000,27.020000,27.020000,1005000
2015-06-30,27.070000,27.530001,26.620001,26.700001,26.700001,1338300
2015-07-01,26.959999,26.959999,25.879999,26.530001,26.530001,1199600
2015-07-02,26.420000,26.480000,25.330000,25.530001,25.530001,1102600
2015-07-06,25.290001,25.780001,24.680000,24.840000,24.840000,1878300
2015-07-07,25.100000,25.620001,24.639999,25.340000,25.340000,1758600
2015-07-08,25.180000,25.350000,23.490000,24.129999,24.129999,1320900
2015-07-09,24.250000,24.950001,23.059999,23.230000,23.230000,1142300
2015-07-10,23.370001,23.820000,23.040001,23.750000,23.750000,922200
2015-07-13,24.010000,24.410000,23.639999,23.680000,23.680000,681400
2015-07-14,23.629999,23.969999,23.400000,23.840000,23.840000,588200
2015-07-15,23.910000,23.959999,22.660000,22.940001,22.940001,2325500
2015-07-16,23.080000,23.090000,21.830000,22.360001,22.360001,1433500
2015-07-17,22.200001,22.410000,21.809999,22.150000,22.150000,834700
2015-07-20,22.129999,22.320000,21.650000,22.000000,22.000000,825700
2015-07-21,22.000000,22.190001,21.730000,22.020000,22.020000,950000
2015-07-22,22.020000,22.490000,21.600000,21.959999,21.959999,1312300
2015-07-23,22.180000,22.370001,21.809999,22.080000,22.080000,675200
2015-07-24,22.020000,22.959999,22.020000,22.190001,22.190001,677500
2015-07-27,22.360001,22.389999,21.180000,21.440001,21.440001,1114700
2015-07-28,21.889999,22.040001,20.980000,21.809999,21.809999,869600
2015-07-29,21.670000,21.920000,21.430000,21.860001,21.860001,485700
2015-07-30,21.900000,22.000000,21.290001,21.290001,21.290001,734800
2015-07-31,21.290001,21.559999,20.860001,21.549999,21.549999,1000300
2015-08-03,22.510000,22.740000,19.090000,19.389999,19.389999,3150900
2015-08-04,19.410000,21.090000,19.080000,20.809999,20.809999,1465200
2015-08-05,20.820000,21.430000,20.700001,21.340000,21.340000,980300
2015-08-06,21.660000,23.480000,21.360001,23.340000,23.340000,1640000
2015-08-07,23.500000,24.559999,23.480000,24.389999,24.389999,1552500
2015-08-10,24.389999,24.980000,24.209999,24.469999,24.469999,1116400
2015-08-11,24.500000,25.440001,24.209999,25.180000,25.180000,1387700
2015-08-12,25.000000,25.430000,24.299999,25.370001,25.370001,1149600
2015-08-13,25.190001,25.549999,24.870001,25.000000,25.000000,610200
2015-08-14,25.150000,25.430000,24.650000,25.180000,25.180000,719100
2015-08-17,25.250000,25.680000,25.059999,25.370001,25.370001,395800
2015-08-18,25.469999,25.549999,23.799999,24.080000,24.080000,765400
2015-08-19,24.030001,24.100000,23.139999,23.340000,23.340000,656200
2015-08-20,23.469999,24.100000,21.760000,22.969999,22.969999,1209100
2015-08-21,22.440001,23.219999,22.219999,22.639999,22.639999,999800
2015-08-24,21.700001,22.209999,21.000000,21.980000,21.980000,795000
2015-08-25,23.000000,23.990000,22.770000,23.250000,23.250000,1983300
2015-08-26,23.600000,24.090000,22.990000,24.000000,24.000000,1038600
2015-08-27,24.049999,28.309999,24.049999,26.930000,26.930000,2368300
2015-08-28,26.370001,27.549999,26.129999,27.299999,27.299999,686500
2015-08-31,27.430000,27.889999,26.480000,26.680000,26.680000,855500
2015-09-01,25.990000,26.610001,25.900000,26.150000,26.150000,878600
2015-09-02,26.370001,26.879999,26.120001,26.690001,26.690001,564900
2015-09-03,26.709999,27.400000,26.480000,27.139999,27.139999,562900
2015-09-04,26.740000,27.459999,26.299999,27.200001,27.200001,507900
2015-09-08,27.400000,27.469999,26.590000,26.809999,26.809999,1080100
2015-09-09,26.889999,27.000000,25.680000,25.750000,25.750000,949200
2015-09-10,25.690001,26.180000,25.420000,25.740000,25.740000,555100
2015-09-11,25.700001,26.040001,25.080000,25.780001,25.780001,549600
2015-09-14,25.740000,25.750000,25.090000,25.270000,25.270000,755500
2015-09-15,25.240000,25.600000,25.000000,25.000000,25.000000,590300
2015-09-16,25.100000,25.590000,25.010000,25.400000,25.400000,452900
2015-09-17,25.580000,26.670000,25.559999,25.719999,25.719999,740700
2015-09-18,25.270000,25.830000,25.150000,25.379999,25.379999,906000
2015-09-21,25.730000,27.049999,25.490000,26.000000,26.000000,602200
2015-09-22,25.639999,26.530001,25.580000,25.590000,25.590000,703000
2015-09-23,25.709999,26.139999,24.950001,25.139999,25.139999,464200
2015-09-24,25.200001,25.200001,24.340000,25.040001,25.040001,424900
2015-09-25,25.120001,25.500000,24.639999,24.670000,24.670000,486300
2015-09-28,24.590000,25.059999,23.299999,23.420000,23.420000,885100
2015-09-29,23.500000,24.139999,23.209999,23.719999,23.719999,587900
2015-09-30,24.750000,24.750000,22.459999,22.600000,22.600000,1243900
2015-10-01,22.590000,24.719999,22.590000,23.950001,23.950001,1262200
2015-10-02,23.670000,24.850000,23.530001,24.799999,24.799999,433000
2015-10-05,24.700001,25.400000,24.389999,24.420000,24.420000,478000
2015-10-06,24.870001,25.490000,24.610001,25.299999,25.299999,601400
2015-10-07,25.209999,26.209999,25.209999,25.540001,25.540001,348400
2015-10-08,25.730000,26.379999,25.500000,26.160000,26.160000,531500
2015-10-09,26.120001,26.200001,24.969999,25.610001,25.610001,564200
2015-10-12,25.850000,25.850000,25.020000,25.420000,25.420000,268800
2015-10-13,25.200001,25.559999,24.639999,25.170000,25.170000,419900
2015-10-14,25.190001,25.780001,24.180000,24.410000,24.410000,573200
2015-10-15,24.270000,25.879999,24.160000,25.360001,25.360001,449400
2015-10-16,25.299999,25.680000,23.299999,23.879999,23.879999,760600
2015-10-19,23.879999,24.450001,23.200001,24.340000,24.340000,629100
2015-10-20,24.400000,24.840000,24.000000,24.650000,24.650000,433100
2015-10-21,24.690001,24.790001,23.709999,24.020000,24.020000,490000
2015-10-22,24.170000,24.170000,23.200001,23.830000,23.830000,462400
2015-10-23,23.580000,24.070000,22.570000,23.180000,23.180000,643000
2015-10-26,23.110001,23.360001,22.660000,22.730000,22.730000,307200
2015-10-27,22.490000,22.559999,21.020000,22.410000,22.410000,848300
2015-10-28,22.459999,23.639999,22.389999,23.400000,23.400000,405500
2015-10-29,23.270000,23.600000,22.910000,23.600000,23.600000,419300
2015-10-30,23.410000,23.590000,22.770000,23.370001,23.370001,490400
2015-11-02,23.360001,23.780001,22.850000,23.530001,23.530001,332800
2015-11-03,23.430000,24.230000,23.350000,23.950001,23.950001,411600
2015-11-04,23.980000,24.230000,23.650000,23.900000,23.900000,242800
2015-11-05,23.980000,24.480000,23.170000,23.530001,23.530001,411500
2015-11-06,23.200001,24.350000,23.200001,24.090000,24.090000,458500
2015-11-09,24.180000,25.240000,23.620001,24.790001,24.790001,516300
2015-11-10,24.500000,25.100000,23.740000,24.809999,24.809999,369700
2015-11-11,24.469999,24.870001,23.530001,24.790001,24.790001,547900
2015-11-12,24.660000,24.750000,23.420000,23.520000,23.520000,558600
2015-11-13,23.469999,23.469999,21.930000,22.170000,22.170000,756300
2015-11-16,22.170000,22.969999,21.950001,22.920000,22.920000,377700
2015-11-17,23.080000,23.660000,22.270000,22.370001,22.370001,403900
2015-11-18,22.580000,22.950001,21.129999,21.860001,21.860001,815200
2015-11-19,21.650000,22.250000,20.250000,20.440001,20.440001,826800
2015-11-20,20.709999,21.100000,19.820000,19.959999,19.959999,900200
2015-11-23,19.920000,21.139999,19.870001,20.370001,20.370001,561200
2015-11-24,20.379999,20.820000,20.070000,20.500000,20.500000,313900
2015-11-25,20.580000,22.459999,20.530001,22.459999,22.459999,889700
2015-11-27,22.030001,22.760000,21.379999,22.150000,22.150000,445700
2015-11-30,22.080000,22.510000,21.110001,22.129999,22.129999,915700
2015-12-01,22.250000,22.549999,21.420000,21.719999,21.719999,626700
2015-12-02,22.420000,22.420000,20.150000,20.410000,20.410000,958800
2015-12-03,20.160000,21.309999,18.030001,19.000000,19.000000,2068300
2015-12-04,19.100000,20.290001,19.080000,19.969999,19.969999,1043600
2015-12-07,19.770000,20.200001,19.600000,19.980000,19.980000,987900
2015-12-08,19.900000,20.170000,19.820000,20.129999,20.129999,612300
2015-12-09,20.180000,20.770000,20.010000,20.760000,20.760000,656900
2015-12-10,21.540001,22.930000,21.059999,21.700001,21.700001,1504400
2015-12-11,21.500000,22.389999,21.030001,22.150000,22.150000,640300
2015-12-14,22.040001,22.040001,20.770000,21.020000,21.020000,575900
2015-12-15,21.020000,21.219999,20.730000,20.830000,20.830000,519800
2015-12-16,21.020000,21.500000,20.180000,20.510000,20.510000,460800
2015-12-17,20.379999,20.389999,19.309999,19.360001,19.360001,939600
2015-12-18,19.280001,19.889999,19.049999,19.459999,19.459999,1302100
2015-12-21,19.719999,20.230000,19.320000,19.660000,19.660000,652000
2015-12-22,19.830000,21.309999,19.639999,20.940001,20.940001,947900
2015-12-23,21.020000,22.420000,20.910000,21.000000,21.000000,622400
2015-12-24,21.040001,21.250000,20.430000,20.790001,20.790001,413400
2015-12-28,20.650000,21.490000,20.610001,20.709999,20.709999,1043100
2015-12-29,20.799999,21.980000,20.600000,20.980000,20.980000,1028200
2015-12-30,21.040001,21.340000,20.139999,20.290001,20.290001,954500
2015-12-31,20.400000,20.590000,20.110001,20.559999,20.559999,512200
2016-01-04,20.480000,20.480000,19.700001,19.790001,19.790001,509000
2016-01-05,20.389999,20.389999,19.350000,19.950001,19.950001,480300
2016-01-06,20.070000,20.430000,18.969999,19.020000,19.020000,667000
2016-01-07,18.610001,19.360001,18.309999,18.360001,18.360001,435400
2016-01-08,19.240000,19.410000,17.959999,18.030001,18.030001,539300
2016-01-11,18.090000,18.500000,17.299999,17.980000,17.980000,574500
2016-01-12,17.930000,18.760000,17.830000,18.760000,18.760000,577400
2016-01-13,18.980000,19.540001,18.370001,18.700001,18.700001,899900
2016-01-14,18.900000,19.000000,17.730000,17.740000,17.740000,885900
2016-01-15,17.629999,17.820000,16.879999,17.139999,17.139999,804700
2016-01-19,17.209999,17.660000,16.760000,16.840000,16.840000,1030600
2016-01-20,16.400000,17.360001,16.270000,16.790001,16.790001,658100
2016-01-21,16.680000,17.430000,16.600000,17.020000,17.020000,425100
2016-01-22,17.450001,18.100000,17.200001,18.030001,18.030001,840200
2016-01-25,18.100000,18.400000,16.790001,16.870001,16.870001,636300
2016-01-26,17.150000,17.270000,16.450001,16.850000,16.850000,485400
2016-01-27,16.740000,17.889999,16.740000,17.410000,17.410000,665100
2016-01-28,17.440001,17.900000,17.330000,17.400000,17.400000,484000
2016-01-29,17.299999,17.879999,16.600000,16.950001,16.950001,513700
2016-02-01,17.000000,17.700001,16.520000,17.670000,17.670000,441100
2016-02-02,17.549999,17.969999,16.809999,16.889999,16.889999,561900
2016-02-03,16.940001,17.490000,16.270000,17.430000,17.430000,441500
2016-02-04,17.330000,18.330000,17.120001,17.690001,17.690001,613200
2016-02-05,17.530001,17.830000,17.240000,17.400000,17.400000,296200
2016-02-08,17.170000,17.309999,16.110001,16.730000,16.730000,542200
2016-02-09,16.299999,16.780001,15.240000,15.250000,15.250000,1148900
2016-02-10,15.310000,15.870000,14.980000,15.010000,15.010000,716200
2016-02-11,14.560000,15.150000,14.560000,15.050000,15.050000,714300
2016-02-12,15.340000,16.080000,15.160000,15.450000,15.450000,447000
2016-02-16,15.830000,16.290001,15.060000,16.190001,16.190001,650400
2016-02-17,16.190001,18.180000,16.110001,18.049999,18.049999,1043500
2016-02-18,17.820000,17.940001,16.230000,17.240000,17.240000,869700
2016-02-19,16.950001,17.250000,16.270000,16.709999,16.709999,367900
2016-02-22,17.209999,17.540001,16.959999,17.040001,17.040001,425000
2016-02-23,16.799999,17.580000,16.799999,17.520000,17.520000,373500
2016-02-24,17.090000,17.520000,16.559999,16.969999,16.969999,520200
2016-02-25,16.459999,17.520000,16.440001,17.520000,17.520000,742000
2016-02-26,17.549999,18.459999,17.330000,18.260000,18.260000,821200
2016-02-29,17.940001,18.430000,17.459999,17.469999,17.469999,483200
2016-03-01,17.500000,17.959999,17.000000,17.170000,17.170000,406900
2016-03-02,17.309999,17.920000,17.020000,17.709999,17.709999,504600
2016-03-03,18.000000,18.170000,17.629999,18.090000,18.090000,793900
2016-03-04,18.389999,18.719999,18.000000,18.049999,18.049999,692300
2016-03-07,18.129999,18.500000,17.820000,18.290001,18.290001,678400
2016-03-08,18.379999,18.500000,17.480000,18.020000,18.020000,536300
2016-03-09,18.020000,18.070000,17.000000,17.059999,17.059999,649600
2016-03-10,17.180000,17.360001,16.510000,16.820000,16.820000,540300
2016-03-11,16.920000,17.330000,16.510000,16.760000,16.760000,501300
2016-03-14,16.790001,17.040001,16.430000,16.660000,16.660000,476900
2016-03-15,16.520000,16.639999,15.510000,15.540000,15.540000,1042500
2016-03-16,15.550000,15.720000,14.890000,15.090000,15.090000,1012800
2016-03-17,15.010000,15.550000,14.590000,15.290000,15.290000,1146400
2016-03-18,15.700000,16.150000,15.490000,16.090000,16.090000,1260800
2016-03-21,16.090000,16.110001,15.200000,15.250000,15.250000,780100
2016-03-22,15.150000,15.190000,14.620000,14.810000,14.810000,1062100
2016-03-23,15.220000,15.220000,14.780000,14.960000,14.960000,816700
2016-03-24,14.820000,15.350000,14.600000,15.000000,15.000000,792200
2016-03-28,15.330000,15.330000,14.760000,14.770000,14.770000,476500
2016-03-29,14.700000,15.100000,14.500000,14.970000,14.970000,487400
2016-03-30,15.100000,15.420000,14.890000,15.120000,15.120000,392200
2016-03-31,15.020000,15.310000,14.910000,15.310000,15.310000,449400
2016-04-01,15.260000,15.440000,14.800000,14.900000,14.900000,494900
2016-04-04,15.000000,15.130000,14.610000,14.780000,14.780000,440100
2016-04-05,14.730000,14.960000,14.260000,14.580000,14.580000,934200
2016-04-06,14.570000,14.740000,14.170000,14.700000,14.700000,617600
2016-04-07,14.550000,14.700000,14.050000,14.340000,14.340000,1017600
2016-04-08,14.390000,14.650000,14.110000,14.450000,14.450000,621400
2016-04-11,14.560000,14.620000,14.250000,14.440000,14.440000,835200
2016-04-12,14.410000,15.180000,14.330000,14.950000,14.950000,640300
2016-04-13,15.330000,16.480000,14.950000,16.440001,16.440001,968800
2016-04-14,16.530001,17.299999,16.280001,16.860001,16.860001,741200
2016-04-15,16.660000,16.950001,16.379999,16.900000,16.900000,489200
2016-04-18,16.610001,16.700001,16.360001,16.540001,16.540001,416700
2016-04-19,16.660000,17.129999,16.600000,17.020000,17.020000,439200
2016-04-20,17.170000,18.770000,17.000000,18.650000,18.650000,1455000
2016-04-21,18.490000,18.879999,17.700001,18.010000,18.010000,902800
2016-04-22,19.010000,19.120001,17.940001,18.120001,18.120001,680900
2016-04-25,18.180000,18.309999,17.600000,17.629999,17.629999,359600
2016-04-26,17.480000,17.879999,17.280001,17.809999,17.809999,379500
2016-04-27,17.660000,18.370001,17.320000,18.150000,18.150000,365100
2016-04-28,18.049999,18.600000,17.680000,18.059999,18.059999,372500
2016-04-29,18.000000,18.040001,16.250000,16.379999,16.379999,1012200
2016-05-02,16.430000,16.549999,15.830000,16.320000,16.320000,533600
2016-05-03,16.070000,16.299999,15.240000,15.490000,15.490000,525200
2016-05-04,15.280000,15.700000,14.460000,14.720000,14.720000,756200
2016-05-05,14.720000,15.140000,13.620000,13.990000,13.990000,1133600
2016-05-06,13.950000,14.180000,13.260000,13.480000,13.480000,819300
2016-05-09,14.020000,14.020000,13.200000,13.680000,13.680000,605700
2016-05-10,13.870000,13.920000,13.210000,13.470000,13.470000,694000
2016-05-11,13.210000,13.400000,12.660000,12.750000,12.750000,1381000
2016-05-12,12.750000,12.800000,11.350000,11.390000,11.390000,1836800
2016-05-13,11.490000,12.070000,11.030000,11.130000,11.130000,1233600
2016-05-16,11.390000,11.450000,11.020000,11.080000,11.080000,1193600
2016-05-17,11.060000,11.430000,10.890000,11.310000,11.310000,1552500
2016-05-18,11.240000,11.250000,10.520000,10.700000,10.700000,1769200
2016-05-19,10.770000,11.260000,10.750000,11.170000,11.170000,1377700
2016-05-20,11.130000,11.990000,11.040000,11.990000,11.990000,1419100
2016-05-23,12.080000,12.540000,11.770000,11.820000,11.820000,1039900
2016-05-24,11.800000,11.970000,11.420000,11.970000,11.970000,851900
2016-05-25,12.050000,12.890000,11.920000,12.520000,12.520000,2126100
2016-05-26,14.190000,14.610000,12.210000,13.340000,13.340000,2877400
2016-05-27,13.100000,13.460000,13.010000,13.300000,13.300000,1115300
2016-05-31,13.270000,13.440000,13.130000,13.260000,13.260000,818700
2016-06-01,13.110000,13.110000,12.420000,12.500000,12.500000,1331400
2016-06-02,12.790000,13.500000,12.700000,13.440000,13.440000,1340100
2016-06-03,13.310000,13.360000,12.780000,13.020000,13.020000,770200
2016-06-06,12.810000,13.460000,12.810000,13.320000,13.320000,611200
2016-06-07,13.450000,13.730000,13.340000,13.500000,13.500000,975100
2016-06-08,13.750000,13.760000,13.100000,13.500000,13.500000,573500
2016-06-09,13.500000,13.500000,12.800000,12.830000,12.830000,646500
2016-06-10,12.710000,12.870000,12.370000,12.500000,12.500000,485400
2016-06-13,12.580000,12.580000,11.990000,12.010000,12.010000,754200
2016-06-14,11.920000,12.330000,11.820000,12.200000,12.200000,483900
2016-06-15,12.190000,13.920000,12.130000,13.190000,13.190000,1041700
2016-06-16,13.000000,13.440000,12.650000,13.410000,13.410000,503100
2016-06-17,13.530000,14.500000,13.470000,14.240000,14.240000,1293100
2016-06-20,14.300000,14.640000,13.880000,13.960000,13.960000,692300
2016-06-21,14.050000,14.160000,13.630000,14.060000,14.060000,426600
2016-06-22,14.100000,14.170000,13.690000,13.710000,13.710000,394500
2016-06-23,13.950000,14.050000,13.740000,13.840000,13.840000,273200
2016-06-24,13.030000,13.850000,12.820000,13.490000,13.490000,1838600
2016-06-27,13.330000,13.330000,12.120000,12.560000,12.560000,623200
2016-06-28,12.770000,13.070000,12.580000,12.970000,12.970000,462100
2016-06-29,13.220000,13.660000,13.040000,13.340000,13.340000,436600
2016-06-30,13.630000,13.660000,13.150000,13.610000,13.610000,492300
2016-07-01,13.500000,13.940000,13.350000,13.890000,13.890000,488800
2016-07-05,13.630000,13.790000,12.770000,12.980000,12.980000,388200
2016-07-06,12.890000,13.240000,12.720000,13.140000,13.140000,279300
2016-07-07,13.270000,13.770000,13.020000,13.400000,13.400000,497000
2016-07-08,13.600000,14.490000,13.550000,14.060000,14.060000,628200
2016-07-11,13.950000,14.580000,13.840000,14.480000,14.480000,386900
2016-07-12,14.480000,14.890000,14.480000,14.850000,14.850000,494000
2016-07-13,14.700000,14.870000,13.890000,14.050000,14.050000,350500
2016-07-14,14.060000,14.330000,13.520000,13.710000,13.710000,339300
2016-07-15,13.780000,14.340000,13.730000,14.100000,14.100000,397600
2016-07-18,14.170000,14.900000,14.140000,14.840000,14.840000,340400
2016-07-19,14.680000,14.720000,14.040000,14.080000,14.080000,311900
2016-07-20,14.220000,15.080000,14.100000,14.900000,14.900000,363800
2016-07-21,14.890000,15.500000,14.720000,14.730000,14.730000,606100
2016-07-22,14.750000,15.070000,14.440000,14.980000,14.980000,190500
2016-07-25,14.860000,16.090000,14.820000,15.630000,15.630000,499700
2016-07-26,15.500000,15.680000,15.000000,15.020000,15.020000,616600
2016-07-27,15.050000,15.470000,14.700000,15.050000,15.050000,376300
2016-07-28,14.960000,15.390000,14.680000,15.050000,15.050000,190900
2016-07-29,14.880000,15.470000,14.840000,15.410000,15.410000,206000
2016-08-01,15.330000,15.330000,14.720000,14.800000,14.800000,223400
2016-08-02,15.030000,15.370000,14.260000,14.870000,14.870000,399900
2016-08-03,14.660000,14.880000,14.370000,14.790000,14.790000,311400
2016-08-04,14.660000,15.000000,14.600000,14.790000,14.790000,123200
2016-08-05,14.990000,16.230000,14.860000,16.139999,16.139999,738300
2016-08-08,16.209999,16.290001,15.730000,15.730000,15.730000,244300
2016-08-09,15.730000,16.990000,15.710000,16.790001,16.790001,465400
2016-08-10,16.650000,17.490000,16.510000,16.809999,16.809999,722500
2016-08-11,17.500000,18.000000,17.030001,17.080000,17.080000,502100
2016-08-12,17.100000,17.900000,17.000000,17.590000,17.590000,509900
2016-08-15,17.510000,18.180000,17.400000,17.660000,17.660000,461200
2016-08-16,17.610001,17.879999,17.430000,17.790001,17.790001,374800
2016-08-17,17.590000,17.590000,16.379999,16.629999,16.629999,541200
2016-08-18,16.500000,17.209999,16.500000,16.940001,16.940001,307300
2016-08-19,16.770000,16.950001,16.020000,16.020000,16.020000,552900
2016-08-22,15.980000,16.980000,15.610000,15.910000,15.910000,776600
2016-08-23,16.020000,16.450001,15.680000,15.740000,15.740000,550300
2016-08-24,15.610000,15.680000,14.650000,14.700000,14.700000,1114900
2016-08-25,14.250000,14.800000,13.720000,14.070000,14.070000,1249300
2016-08-26,14.000000,14.640000,13.820000,14.110000,14.110000,691200
2016-08-29,14.260000,14.650000,14.110000,14.380000,14.380000,499400
2016-08-30,14.300000,14.590000,13.960000,14.150000,14.150000,352900
2016-08-31,14.080000,14.440000,13.720000,13.770000,13.770000,476900
2016-09-01,13.970000,14.170000,13.320000,13.490000,13.490000,659800
2016-09-02,13.600000,13.860000,13.300000,13.330000,13.330000,461900
2016-09-06,13.390000,13.510000,12.800000,13.100000,13.100000,593000
2016-09-07,13.170000,13.190000,12.660000,13.000000,13.000000,581400
2016-09-08,12.850000,12.940000,12.550000,12.740000,12.740000,683600
2016-09-09,12.690000,12.740000,12.210000,12.320000,12.320000,547800
2016-09-12,12.110000,12.580000,12.020000,12.430000,12.430000,496300
2016-09-13,12.200000,12.350000,11.900000,12.060000,12.060000,560800
2016-09-14,12.040000,12.160000,11.550000,11.890000,11.890000,556300
2016-09-15,11.910000,12.110000,11.680000,12.060000,12.060000,394100
2016-09-16,12.020000,12.150000,11.830000,12.120000,12.120000,925800
2016-09-19,12.180000,12.250000,11.700000,11.770000,11.770000,324700
2016-09-20,12.000000,12.000000,11.390000,11.390000,11.390000,517300
2016-09-21,11.330000,11.800000,11.280000,11.740000,11.740000,390200
2016-09-22,11.830000,11.920000,11.520000,11.710000,11.710000,371800
2016-09-23,11.720000,11.880000,11.500000,11.540000,11.540000,401200
2016-09-26,11.430000,11.450000,10.940000,10.990000,10.990000,979800
2016-09-27,11.000000,11.330000,11.000000,11.200000,11.200000,387700
2016-09-28,11.300000,11.330000,10.800000,11.010000,11.010000,328300
2016-09-29,11.050000,11.070000,10.830000,11.000000,11.000000,443800
2016-09-30,11.050000,12.050000,11.040000,11.460000,11.460000,1170400
2016-10-03,11.450000,11.540000,10.970000,11.370000,11.370000,985700
2016-10-04,11.280000,13.690000,11.250000,12.100000,12.100000,7165500
2016-10-05,12.150000,12.750000,12.150000,12.510000,12.510000,1084200
2016-10-06,12.500000,12.500000,11.930000,11.950000,11.950000,704600
2016-10-07,11.980000,11.980000,11.340000,11.670000,11.670000,623800
2016-10-10,11.680000,11.810000,11.020000,11.330000,11.330000,617200
2016-10-11,11.210000,11.300000,10.870000,11.040000,11.040000,721100
2016-10-12,11.270000,11.270000,10.780000,10.870000,10.870000,432400
2016-10-13,10.800000,10.860000,10.500000,10.580000,10.580000,742500
2016-10-14,10.620000,10.840000,10.500000,10.720000,10.720000,782500
2016-10-17,10.650000,10.850000,10.640000,10.790000,10.790000,525700
2016-10-18,10.950000,11.110000,10.820000,10.990000,10.990000,447200
2016-10-19,10.980000,11.520000,10.980000,11.300000,11.300000,398000
2016-10-20,11.280000,12.050000,11.210000,11.890000,11.890000,712100
2016-10-21,11.180000,11.890000,11.110000,11.600000,11.600000,500500
2016-10-24,11.660000,11.800000,11.040000,11.400000,11.400000,460200
2016-10-25,11.310000,11.750000,11.150000,11.210000,11.210000,490500
2016-10-26,11.390000,11.390000,10.910000,10.940000,10.940000,411300
2016-10-27,10.920000,11.240000,10.850000,11.170000,11.170000,383200
2016-10-28,11.320000,11.710000,11.150000,11.350000,11.350000,457000
2016-10-31,11.280000,11.350000,11.030000,11.110000,11.110000,505500
2016-11-01,11.080000,11.200000,10.950000,11.100000,11.100000,380100
2016-11-02,11.140000,11.640000,11.050000,11.550000,11.550000,477300
2016-11-03,11.450000,11.520000,11.040000,11.060000,11.060000,644000
2016-11-04,11.060000,11.430000,11.020000,11.080000,11.080000,441200
2016-11-07,11.220000,11.490000,11.180000,11.380000,11.380000,287400
2016-11-08,11.220000,11.700000,11.100000,11.520000,11.520000,361900
2016-11-09,11.110000,11.940000,11.110000,11.820000,11.820000,645700
2016-11-10,12.000000,12.980000,11.790000,12.240000,12.240000,804600
2016-11-11,12.180000,12.750000,11.890000,12.670000,12.670000,544700
2016-11-14,12.850000,13.840000,12.670000,12.820000,12.820000,1089300
2016-11-15,12.660000,12.830000,12.030000,12.320000,12.320000,629100
2016-11-16,12.920000,13.260000,12.400000,13.110000,13.110000,565700
2016-11-17,12.940000,13.010000,12.350000,12.440000,12.440000,517300
2016-11-18,12.330000,12.600000,12.150000,12.200000,12.200000,455200
2016-11-21,12.450000,12.870000,12.450000,12.550000,12.550000,474000
2016-11-22,12.680000,13.250000,12.640000,12.920000,12.920000,409500
2016-11-23,12.740000,13.340000,12.740000,13.300000,13.300000,419600
2016-11-25,13.130000,13.220000,12.640000,13.000000,13.000000,352600
2016-11-28,12.960000,13.260000,12.350000,12.600000,12.600000,566500
2016-11-29,12.540000,13.220000,12.510000,13.000000,13.000000,525900
2016-11-30,12.680000,13.150000,12.680000,12.880000,12.880000,518500
2016-12-01,12.540000,13.390000,12.540000,13.200000,13.200000,668600
2016-12-02,13.020000,13.640000,12.440000,12.510000,12.510000,774000
2016-12-05,12.360000,12.610000,11.620000,11.840000,11.840000,1137600
2016-12-06,11.750000,12.220000,11.500000,11.780000,11.780000,1226100
2016-12-07,11.820000,12.170000,11.540000,12.120000,12.120000,1427400
2016-12-08,11.400000,12.780000,11.390000,12.760000,12.760000,2448800
2016-12-09,12.430000,12.580000,11.700000,11.930000,11.930000,1739900
2016-12-12,11.910000,11.970000,11.280000,11.510000,11.510000,1186700
2016-12-13,11.420000,11.620000,11.180000,11.400000,11.400000,839800
2016-12-14,11.420000,11.420000,10.520000,10.530000,10.530000,1481800
2016-12-15,10.650000,10.720000,10.000000,10.310000,10.310000,1916900
2016-12-16,10.170000,10.480000,10.000000,10.410000,10.410000,1901800
2016-12-19,10.480000,10.740000,10.010000,10.030000,10.030000,1013700
2016-12-20,10.000000,10.460000,9.980000,10.070000,10.070000,1079300
2016-12-21,10.020000,10.150000,9.820000,9.890000,9.890000,1246100
2016-12-22,9.800000,9.880000,9.320000,9.400000,9.400000,1341000
2016-12-23,9.290000,9.550000,8.710000,8.790000,8.790000,1799400
2016-12-27,8.830000,8.890000,8.100000,8.290000,8.290000,2439100
2016-12-28,8.300000,8.400000,8.000000,8.180000,8.180000,1783300
2016-12-29,8.600000,9.000000,8.310000,9.000000,9.000000,3246900
2016-12-30,9.000000,9.490000,8.840000,9.290000,9.290000,2783800
2017-01-03,9.310000,9.720000,8.950000,9.720000,9.720000,1690800
2017-01-04,9.800000,10.380000,9.750000,10.360000,10.360000,2973400
2017-01-05,10.990000,11.190000,10.390000,10.390000,10.390000,3152000
2017-01-06,10.300000,10.440000,9.180000,9.560000,9.560000,3036700
2017-01-09,9.460000,9.480000,8.950000,9.100000,9.100000,2979600
2017-01-10,8.970000,9.170000,8.780000,9.140000,9.140000,1625100
2017-01-11,9.160000,9.250000,9.000000,9.110000,9.110000,1208700
2017-01-12,8.840000,9.300000,8.460000,8.810000,8.810000,1488000
2017-01-13,8.770000,8.960000,8.650000,8.740000,8.740000,1867800
2017-01-17,8.600000,9.520000,8.600000,8.920000,8.920000,1477400
2017-01-18,8.810000,9.130000,8.690000,8.870000,8.870000,869100
2017-01-19,8.730000,9.080000,8.690000,8.940000,8.940000,1167600
2017-01-20,8.870000,9.560000,8.840000,9.330000,9.330000,1295900
2017-01-23,9.330000,9.460000,9.160000,9.330000,9.330000,680800
2017-01-24,9.370000,9.470000,9.300000,9.430000,9.430000,446000
2017-01-25,9.460000,9.490000,8.720000,8.770000,8.770000,1283000
2017-01-26,8.770000,8.890000,7.870000,7.960000,7.960000,2670900
2017-01-27,7.850000,8.080000,7.080000,7.420000,7.420000,2966600
2017-01-30,7.260000,7.300000,6.360000,6.860000,6.860000,3909600
2017-01-31,6.750000,7.000000,6.500000,6.980000,6.980000,1563200
2017-02-01,6.970000,7.200000,6.510000,6.650000,6.650000,1587500
2017-02-02,6.670000,6.770000,6.410000,6.600000,6.600000,870600
2017-02-03,6.620000,7.090000,6.530000,6.880000,6.880000,1089500
2017-02-06,6.840000,6.990000,6.500000,6.520000,6.520000,1142600
2017-02-07,6.480000,6.520000,5.520000,5.660000,5.660000,3096600
2017-02-08,5.600000,5.870000,5.500000,5.730000,5.730000,1426100
2017-02-09,5.700000,5.870000,5.530000,5.540000,5.540000,1725800
2017-02-10,7.700000,7.750000,6.780000,6.960000,6.960000,12060300
2017-02-13,6.890000,7.010000,6.220000,6.400000,6.400000,2955200
2017-02-14,6.370000,7.300000,6.230000,7.100000,7.100000,3052000
2017-02-15,7.080000,7.620000,7.010000,7.580000,7.580000,2226500
2017-02-16,7.730000,7.840000,7.210000,7.390000,7.390000,1848400
2017-02-17,7.250000,7.790000,7.180000,7.540000,7.540000,1388300
2017-02-21,7.850000,8.140000,7.450000,8.060000,8.060000,2401400
2017-02-22,8.200000,8.700000,7.900000,8.330000,8.330000,2987900
2017-02-23,8.220000,8.430000,7.790000,7.910000,7.910000,1417300
2017-02-24,7.790000,8.080000,7.550000,7.740000,7.740000,1410500
2017-02-27,7.770000,8.260000,7.770000,8.040000,8.040000,1161200
2017-02-28,7.980000,8.040000,7.460000,7.840000,7.840000,943400
2017-03-01,7.950000,7.970000,7.600000,7.660000,7.660000,732800
2017-03-02,7.880000,7.910000,7.570000,7.770000,7.770000,850300
2017-03-03,7.770000,7.900000,7.400000,7.620000,7.620000,659400
2017-03-06,7.510000,7.600000,7.390000,7.520000,7.520000,560700
2017-03-07,7.450000,7.580000,7.160000,7.430000,7.430000,560800
2017-03-08,7.460000,7.750000,7.330000,7.490000,7.490000,772200
2017-03-09,7.880000,8.280000,7.660000,8.010000,8.010000,2052200
2017-03-10,8.130000,9.500000,8.120000,9.230000,9.230000,3488500
2017-03-13,9.100000,9.510000,8.990000,9.220000,9.220000,1386400
2017-03-14,9.070000,9.300000,8.760000,8.800000,8.800000,1567000
2017-03-15,8.860000,9.100000,8.640000,8.760000,8.760000,1262900
2017-03-16,8.760000,8.980000,8.700000,8.960000,8.960000,842200
2017-03-17,8.900000,9.050000,8.790000,9.050000,9.050000,1882800
2017-03-20,9.060000,9.190000,8.920000,9.180000,9.180000,1347300
2017-03-21,9.170000,9.190000,8.840000,9.100000,9.100000,1272000
2017-03-22,7.940000,8.330000,7.600000,7.980000,7.980000,4150100
2017-03-23,8.030000,8.490000,7.850000,8.190000,8.190000,1777700
2017-03-24,8.160000,8.530000,8.070000,8.500000,8.500000,790400
2017-03-27,8.450000,9.580000,8.390000,9.430000,9.430000,1991200
2017-03-28,9.480000,11.300000,9.310000,11.300000,11.300000,5192700
2017-03-29,11.070000,12.670000,11.010000,11.500000,11.500000,5194100
2017-03-30,11.350000,12.180000,11.200000,11.750000,11.750000,2319800
2017-03-31,11.670000,11.860000,11.100000,11.490000,11.490000,2153400
2017-04-03,11.410000,12.080000,11.410000,11.760000,11.760000,1661800
2017-04-04,11.790000,11.920000,11.030000,11.360000,11.360000,1344300
2017-04-05,11.440000,11.860000,11.230000,11.390000,11.390000,1088200
2017-04-06,11.430000,11.840000,11.400000,11.650000,11.650000,1039100
2017-04-07,11.480000,11.630000,11.270000,11.340000,11.340000,733700
2017-04-10,11.320000,11.990000,11.180000,11.920000,11.920000,1266500
2017-04-11,11.980000,13.260000,11.760000,13.240000,13.240000,3425200
2017-04-12,13.200000,13.930000,13.060000,13.350000,13.350000,2317500
2017-04-13,13.290000,13.610000,12.750000,13.040000,13.040000,1255200
2017-04-17,13.050000,13.490000,12.730000,13.470000,13.470000,1197300
2017-04-18,13.380000,14.090000,13.250000,13.990000,13.990000,1689400
2017-04-19,13.940000,14.320000,13.810000,13.960000,13.960000,1783200
2017-04-20,14.100000,14.200000,13.530000,13.640000,13.640000,1619900
2017-04-21,13.590000,13.940000,13.010000,13.390000,13.390000,1615000
2017-04-24,13.410000,13.690000,12.380000,12.450000,12.450000,1405200
2017-04-25,12.300000,12.420000,11.190000,11.280000,11.280000,2065700
2017-04-26,11.310000,11.330000,10.260000,10.830000,10.830000,1759700
2017-04-27,10.760000,10.820000,10.350000,10.460000,10.460000,843300
2017-04-28,10.360000,10.590000,10.080000,10.220000,10.220000,880300
2017-05-01,10.290000,10.330000,10.030000,10.220000,10.220000,440800
2017-05-02,10.200000,10.980000,10.060000,10.710000,10.710000,734800
2017-05-03,10.780000,10.800000,10.200000,10.430000,10.430000,655700
2017-05-04,10.400000,10.640000,10.270000,10.380000,10.380000,548900
2017-05-05,10.370000,10.870000,10.360000,10.760000,10.760000,560600
2017-05-08,10.660000,10.870000,10.480000,10.550000,10.550000,458700
2017-05-09,10.480000,10.720000,10.370000,10.520000,10.520000,477000
2017-05-10,10.470000,11.490000,10.470000,11.240000,11.240000,949100
2017-05-11,11.010000,11.190000,10.060000,10.160000,10.160000,1033100
2017-05-12,10.120000,10.130000,9.220000,9.490000,9.490000,1306600
2017-05-15,9.480000,9.490000,8.200000,8.310000,8.310000,2457600
2017-05-16,8.200000,8.810000,8.020000,8.320000,8.320000,1561600
2017-05-17,8.220000,8.330000,7.800000,7.960000,7.960000,1251800
2017-05-18,7.950000,8.110000,7.500000,7.720000,7.720000,1241600
2017-05-19,7.700000,8.100000,7.570000,7.840000,7.840000,1271600
2017-05-22,7.720000,8.200000,7.620000,7.850000,7.850000,1341600
2017-05-23,8.240000,8.490000,7.700000,7.780000,7.780000,1704500
2017-05-24,7.720000,7.810000,7.410000,7.470000,7.470000,1022600
2017-05-25,8.800000,9.900000,8.140000,8.480000,8.480000,8440900
2017-05-26,8.380000,8.450000,7.630000,7.780000,7.780000,2578800
2017-05-30,7.700000,7.700000,7.220000,7.390000,7.390000,1622400
2017-05-31,7.310000,7.450000,6.940000,7.390000,7.390000,1695300
2017-06-01,7.260000,7.730000,7.220000,7.550000,7.550000,1179800
2017-06-02,7.510000,7.550000,7.160000,7.200000,7.200000,1246100
2017-06-05,7.130000,7.160000,6.620000,6.780000,6.780000,1943400
2017-06-06,6.640000,6.740000,6.430000,6.610000,6.610000,1758000
2017-06-07,6.540000,7.080000,6.520000,7.020000,7.020000,1334500
2017-06-08,7.060000,7.180000,6.820000,6.900000,6.900000,1201000
2017-06-09,6.820000,7.180000,6.770000,7.060000,7.060000,624000
2017-06-12,6.910000,7.350000,6.900000,7.030000,7.030000,632300
2017-06-13,7.030000,7.030000,6.650000,6.850000,6.850000,852400
2017-06-14,6.790000,7.050000,6.620000,7.020000,7.020000,981400
2017-06-15,6.920000,7.050000,6.720000,6.860000,6.860000,750800
2017-06-16,6.790000,6.820000,6.520000,6.670000,6.670000,1975100
2017-06-19,6.620000,6.670000,6.260000,6.370000,6.370000,1613500
2017-06-20,6.360000,7.090000,6.330000,6.800000,6.800000,1835900
2017-06-21,6.720000,6.720000,6.200000,6.430000,6.430000,1841700
2017-06-22,6.420000,7.060000,6.360000,6.820000,6.820000,1814100
2017-06-23,6.720000,7.040000,6.720000,6.950000,6.950000,803700
2017-06-26,6.990000,7.500000,6.600000,7.360000,7.360000,1258000
2017-06-27,7.370000,8.070000,7.350000,7.720000,7.720000,1198100
2017-06-28,7.790000,8.190000,7.790000,8.010000,8.010000,1158700
2017-06-29,7.900000,8.500000,7.860000,8.500000,8.500000,1557600
2017-06-30,8.610000,9.080000,8.340000,8.860000,8.860000,1392200
2017-07-03,8.840000,9.190000,8.800000,9.190000,9.190000,729500
2017-07-05,9.150000,9.150000,8.690000,8.690000,8.690000,787400
2017-07-06,8.600000,8.690000,7.890000,7.930000,7.930000,1044300
2017-07-07,7.960000,7.960000,7.550000,7.780000,7.780000,853800
2017-07-10,7.750000,7.750000,7.270000,7.460000,7.460000,772300
2017-07-11,7.500000,7.910000,7.480000,7.600000,7.600000,706500
2017-07-12,7.640000,7.890000,7.510000,7.640000,7.640000,617400
2017-07-13,7.690000,8.250000,7.350000,8.190000,8.190000,1422800
2017-07-14,8.080000,8.250000,7.970000,8.060000,8.060000,742900
2017-07-17,8.140000,9.110000,8.020000,9.040000,9.040000,1660800
2017-07-18,9.050000,9.540000,8.760000,9.010000,9.010000,2392300
2017-07-19,8.930000,9.290000,8.580000,8.680000,8.680000,1359900
2017-07-20,10.410000,10.760000,9.450000,9.600000,9.600000,11798900
2017-07-21,9.750000,9.800000,8.740000,8.830000,8.830000,3467300
2017-07-24,8.740000,8.780000,8.150000,8.400000,8.400000,2017600
2017-07-25,8.380000,9.050000,8.350000,8.810000,8.810000,2044500
2017-07-26,8.750000,8.970000,8.620000,8.760000,8.760000,771900
2017-07-27,8.690000,9.370000,8.670000,9.300000,9.300000,1603900
2017-07-28,9.220000,9.430000,9.000000,9.210000,9.210000,1008000
2017-07-31,9.210000,9.280000,8.610000,8.720000,8.720000,1487500
2017-08-01,8.720000,8.810000,8.160000,8.480000,8.480000,1600900
2017-08-02,8.410000,8.620000,8.040000,8.140000,8.140000,783600
2017-08-03,8.120000,8.820000,8.040000,8.670000,8.670000,1239300
2017-08-04,8.630000,8.720000,8.250000,8.330000,8.330000,929500
2017-08-07,8.360000,8.740000,8.320000,8.590000,8.590000,678200
2017-08-08,8.580000,8.980000,8.520000,8.870000,8.870000,993800
2017-08-09,8.880000,9.420000,8.750000,9.350000,9.350000,1170800
2017-08-10,9.270000,9.330000,8.390000,8.750000,8.750000,1067700
2017-08-11,8.460000,8.990000,8.380000,8.880000,8.880000,742900
2017-08-14,8.960000,9.020000,8.600000,8.610000,8.610000,740800
2017-08-15,8.540000,8.920000,8.530000,8.630000,8.630000,721500
2017-08-16,8.690000,8.880000,8.500000,8.550000,8.550000,577200
2017-08-17,8.420000,8.560000,8.020000,8.200000,8.200000,1035300
2017-08-18,8.130000,8.770000,8.090000,8.650000,8.650000,954900
2017-08-21,8.640000,8.750000,8.380000,8.550000,8.550000,703200
2017-08-22,8.560000,9.090000,8.560000,9.030000,9.030000,1142100
2017-08-23,9.100000,9.290000,8.560000,8.570000,8.570000,1256000
2017-08-24,9.060000,9.630000,8.350000,8.550000,8.550000,2336200
2017-08-25,8.570000,8.700000,8.270000,8.520000,8.520000,1083600
2017-08-28,8.530000,8.700000,8.350000,8.620000,8.620000,550700
2017-08-29,8.540000,8.670000,8.410000,8.460000,8.460000,1028400
2017-08-30,8.490000,8.490000,8.220000,8.290000,8.290000,927600
2017-08-31,8.250000,8.480000,8.100000,8.210000,8.210000,1365500
2017-09-01,8.170000,8.290000,7.800000,7.850000,7.850000,1867400
2017-09-05,7.850000,7.850000,7.360000,7.540000,7.540000,1298800
2017-09-06,7.600000,7.790000,7.220000,7.730000,7.730000,1378800
2017-09-07,7.730000,7.970000,7.620000,7.890000,7.890000,922000
2017-09-08,7.930000,7.930000,7.570000,7.630000,7.630000,1019600
2017-09-11,7.630000,7.670000,7.360000,7.520000,7.520000,934600
2017-09-12,7.560000,7.850000,7.410000,7.620000,7.620000,1092800
2017-09-13,7.680000,7.890000,7.610000,7.690000,7.690000,1074100
2017-09-14,7.650000,7.720000,7.460000,7.580000,7.580000,831700
2017-09-15,7.530000,7.690000,7.490000,7.650000,7.650000,2168300
2017-09-18,7.700000,7.870000,7.510000,7.520000,7.520000,763100
2017-09-19,7.490000,7.620000,7.220000,7.260000,7.260000,1086800
2017-09-20,7.210000,7.310000,7.050000,7.210000,7.210000,655800
2017-09-21,7.150000,7.170000,6.920000,7.050000,7.050000,823600
2017-09-22,7.070000,7.190000,6.990000,7.110000,7.110000,584900
2017-09-25,7.070000,7.190000,7.050000,7.140000,7.140000,708000
2017-09-26,7.150000,7.320000,7.100000,7.160000,7.160000,533200
2017-09-27,7.170000,7.490000,7.130000,7.280000,7.280000,854000
2017-09-28,7.330000,7.780000,7.280000,7.590000,7.590000,1250800
2017-09-29,7.560000,7.580000,7.200000,7.300000,7.300000,956200
2017-10-02,7.260000,7.300000,7.000000,7.080000,7.080000,904800
2017-10-03,7.080000,7.190000,6.950000,7.080000,7.080000,703400
2017-10-04,6.990000,7.190000,6.920000,7.190000,7.190000,888300
2017-10-05,7.170000,7.540000,7.100000,7.290000,7.290000,805600
2017-10-06,7.220000,7.390000,7.000000,7.110000,7.110000,671400
2017-10-09,7.150000,7.340000,6.980000,7.080000,7.080000,863800
2017-10-10,7.100000,7.220000,6.700000,6.700000,6.700000,1309700
2017-10-11,6.670000,6.800000,6.240000,6.240000,6.240000,1884900
2017-10-12,6.130000,6.300000,5.520000,6.200000,6.200000,2328600
2017-10-13,6.200000,6.830000,6.170000,6.770000,6.770000,1445200
2017-10-16,6.240000,6.430000,5.750000,5.990000,5.990000,5472500
2017-10-17,5.920000,5.940000,5.480000,5.790000,5.790000,3446600
2017-10-18,5.770000,6.140000,5.760000,6.050000,6.050000,1695700
2017-10-19,6.030000,6.180000,5.910000,6.060000,6.060000,687900
2017-10-20,6.110000,6.600000,6.060000,6.550000,6.550000,1965900
2017-10-23,6.450000,6.790000,6.270000,6.560000,6.560000,967300
2017-10-24,6.570000,6.670000,5.940000,5.990000,5.990000,1712800
2017-10-25,5.990000,6.000000,5.600000,5.760000,5.760000,1097500
2017-10-26,5.760000,6.120000,5.760000,6.060000,6.060000,1052300
2017-10-27,5.890000,5.950000,5.620000,5.750000,5.750000,661800
2017-10-30,5.690000,5.750000,5.590000,5.640000,5.640000,614600
2017-10-31,5.610000,5.850000,5.500000,5.510000,5.510000,1040300
2017-11-01,5.550000,5.600000,5.030000,5.130000,5.130000,1485000
2017-11-02,5.170000,5.500000,5.130000,5.430000,5.430000,957400
2017-11-03,5.450000,5.450000,5.150000,5.170000,5.170000,585700
2017-11-06,5.160000,5.360000,5.130000,5.240000,5.240000,551600
2017-11-07,5.300000,5.300000,4.960000,5.000000,5.000000,980200
2017-11-08,4.980000,5.080000,4.650000,4.700000,4.700000,902100
2017-11-09,4.720000,4.720000,4.530000,4.600000,4.600000,1397600
2017-11-10,4.690000,4.700000,4.510000,4.570000,4.570000,1166800
2017-11-13,4.590000,4.620000,4.110000,4.120000,4.120000,1531900
2017-11-14,4.080000,4.100000,3.710000,3.810000,3.810000,2870700
2017-11-15,3.700000,4.350000,3.620000,4.170000,4.170000,1550900
2017-11-16,4.180000,4.730000,4.180000,4.570000,4.570000,1599800
2017-11-17,4.640000,4.810000,4.130000,4.230000,4.230000,1475100
2017-11-20,4.230000,4.260000,3.910000,4.010000,4.010000,1215500
2017-11-21,4.010000,4.060000,3.850000,3.890000,3.890000,970100
2017-11-22,3.880000,4.220000,3.780000,3.800000,3.800000,1589600
2017-11-24,3.840000,4.000000,3.780000,3.820000,3.820000,732100
2017-11-27,3.850000,3.990000,3.820000,3.900000,3.900000,771900
2017-11-28,3.890000,4.190000,3.880000,4.170000,4.170000,1424600
2017-11-29,4.160000,4.620000,4.110000,4.210000,4.210000,2206000
2017-11-30,5.370000,5.400000,3.990000,4.080000,4.080000,8269600
2017-12-01,3.930000,4.230000,3.850000,3.870000,3.870000,2303900
2017-12-04,3.870000,4.050000,3.850000,3.930000,3.930000,1722000
2017-12-05,3.960000,4.240000,3.890000,4.080000,4.080000,2015800
2017-12-06,4.080000,4.160000,3.960000,4.140000,4.140000,1237600
2017-12-07,4.170000,4.650000,4.170000,4.420000,4.420000,1949200
2017-12-08,4.460000,4.550000,4.250000,4.290000,4.290000,809500
2017-12-11,4.270000,4.360000,4.170000,4.250000,4.250000,770900
2017-12-12,4.220000,4.460000,3.980000,4.000000,4.000000,1355400
2017-12-13,4.000000,4.170000,3.950000,4.010000,4.010000,1084100
2017-12-14,4.020000,4.150000,3.840000,3.870000,3.870000,2009900
2017-12-15,3.910000,3.960000,3.820000,3.830000,3.830000,2761200
2017-12-18,3.880000,3.960000,3.840000,3.920000,3.920000,1568600
2017-12-19,3.940000,3.940000,3.830000,3.860000,3.860000,1184000
2017-12-20,3.850000,3.890000,3.760000,3.800000,3.800000,1475400
2017-12-21,3.840000,3.880000,3.770000,3.780000,3.780000,1660000
2017-12-22,3.770000,3.900000,3.710000,3.760000,3.760000,1075100
2017-12-26,3.720000,3.850000,3.650000,3.770000,3.770000,1012600
2017-12-27,3.730000,3.770000,3.700000,3.720000,3.720000,641100
2017-12-28,3.730000,3.730000,3.590000,3.600000,3.600000,1213500
2017-12-29,3.580000,3.710000,3.500000,3.580000,3.580000,1507200
2018-01-02,3.580000,3.780000,3.520000,3.780000,3.780000,1300100
2018-01-03,3.720000,3.900000,3.720000,3.760000,3.760000,1440900
2018-01-04,3.760000,3.800000,3.460000,3.580000,3.580000,2528400
2018-01-05,3.590000,3.680000,3.480000,3.480000,3.480000,1692600
2018-01-08,3.570000,3.630000,3.370000,3.420000,3.420000,1817900
2018-01-09,3.410000,3.420000,3.090000,3.130000,3.130000,2874300
2018-01-10,3.230000,3.430000,3.160000,3.290000,3.290000,4574200
2018-01-11,3.250000,3.740000,3.200000,3.320000,3.320000,8342900
2018-01-12,3.350000,3.640000,3.330000,3.600000,3.600000,3410100
2018-01-16,3.660000,3.770000,3.510000,3.520000,3.520000,1702100
2018-01-17,3.500000,3.650000,3.460000,3.510000,3.510000,1542400
2018-01-18,3.480000,3.750000,3.390000,3.670000,3.670000,1825900
2018-01-19,3.670000,3.740000,3.560000,3.630000,3.630000,1272800
2018-01-22,3.600000,3.650000,3.410000,3.450000,3.450000,1620000
2018-01-23,3.560000,3.580000,3.330000,3.410000,3.410000,1799900
2018-01-24,3.430000,3.430000,3.120000,3.130000,3.130000,2441900
2018-01-25,3.160000,3.180000,2.750000,2.780000,2.780000,3899400
2018-01-26,2.800000,2.800000,2.490000,2.540000,2.540000,4806200
2018-01-29,2.550000,2.800000,2.370000,2.570000,2.570000,3393400
2018-01-30,2.510000,2.660000,2.470000,2.660000,2.660000,2048600
2018-01-31,2.640000,2.680000,2.540000,2.570000,2.570000,865400
2018-02-01,2.520000,2.600000,2.400000,2.490000,2.490000,1895600
2018-02-02,2.440000,2.460000,2.310000,2.350000,2.350000,2071600
2018-02-05,2.310000,2.320000,2.200000,2.220000,2.220000,1939200
2018-02-06,2.140000,2.340000,2.110000,2.280000,2.280000,1667000
2018-02-07,2.260000,2.310000,2.170000,2.260000,2.260000,1181300
2018-02-08,2.230000,2.300000,2.090000,2.110000,2.110000,1451500
2018-02-09,2.120000,2.210000,2.060000,2.150000,2.150000,964200
2018-02-12,2.150000,2.180000,1.990000,2.070000,2.070000,2396900
2018-02-13,2.060000,2.350000,2.050000,2.270000,2.270000,2216900
2018-02-14,2.270000,2.360000,2.130000,2.300000,2.300000,1634000
2018-02-15,2.450000,2.730000,2.230000,2.630000,2.630000,5035100
2018-02-16,2.620000,2.850000,2.550000,2.610000,2.610000,2574800
2018-02-20,2.640000,2.750000,2.280000,2.330000,2.330000,2417600
2018-02-21,2.350000,2.420000,2.300000,2.360000,2.360000,1424000
2018-02-22,2.410000,2.450000,2.310000,2.330000,2.330000,827100
2018-02-23,2.360000,2.500000,2.330000,2.430000,2.430000,893300
2018-02-26,2.450000,2.600000,2.400000,2.580000,2.580000,1056300
2018-02-27,2.660000,2.760000,2.520000,2.570000,2.570000,1351400
2018-02-28,2.570000,2.600000,2.350000,2.420000,2.420000,1105700
2018-03-01,2.410000,2.510000,2.330000,2.470000,2.470000,985700
2018-03-02,2.450000,2.740000,2.400000,2.730000,2.730000,1876900
2018-03-05,2.730000,2.750000,2.500000,2.550000,2.550000,1675200
2018-03-06,2.540000,2.580000,2.370000,2.460000,2.460000,1544900
2018-03-07,2.440000,2.500000,2.350000,2.420000,2.420000,1254600
2018-03-08,2.410000,2.480000,2.380000,2.430000,2.430000,628500
2018-03-09,2.420000,2.640000,2.410000,2.560000,2.560000,1666900
2018-03-12,2.580000,2.720000,2.370000,2.440000,2.440000,1347100
2018-03-13,2.500000,2.650000,2.450000,2.550000,2.550000,1657900
2018-03-14,2.560000,2.610000,2.380000,2.420000,2.420000,1424400
2018-03-15,2.500000,2.570000,2.190000,2.260000,2.260000,3699500
2018-03-16,2.290000,2.400000,2.210000,2.320000,2.320000,3562300
2018-03-19,2.340000,2.360000,2.210000,2.330000,2.330000,1165100
2018-03-20,2.330000,2.360000,2.210000,2.290000,2.290000,1086400
2018-03-21,2.280000,2.420000,2.280000,2.320000,2.320000,1269300
2018-03-22,2.310000,2.330000,2.170000,2.300000,2.300000,1352100
2018-03-23,2.280000,2.280000,2.160000,2.180000,2.180000,1116400
2018-03-26,2.240000,2.330000,2.170000,2.330000,2.330000,1322300
2018-03-27,2.300000,2.600000,2.290000,2.500000,2.500000,2863700
2018-03-28,2.500000,2.870000,2.500000,2.810000,2.810000,3134500
2018-03-29,2.810000,3.180000,2.600000,2.670000,2.670000,3707400
2018-04-02,2.680000,2.880000,2.490000,2.590000,2.590000,1682100
2018-04-03,2.600000,2.790000,2.570000,2.690000,2.690000,1357800
2018-04-04,2.660000,2.900000,2.620000,2.890000,2.890000,1349600
2018-04-05,2.890000,3.070000,2.740000,2.970000,2.970000,1454800
2018-04-06,2.950000,3.060000,2.860000,2.880000,2.880000,818300
2018-04-09,2.890000,2.980000,2.820000,2.820000,2.820000,795600
2018-04-10,2.880000,3.100000,2.840000,3.070000,3.070000,1560600
2018-04-11,3.050000,3.450000,3.050000,3.300000,3.300000,3284600
2018-04-12,3.340000,3.540000,3.270000,3.400000,3.400000,2160100
2018-04-13,3.420000,3.530000,3.310000,3.320000,3.320000,1206300
2018-04-16,3.340000,3.590000,3.320000,3.350000,3.350000,1738800
2018-04-17,3.360000,3.480000,3.000000,3.030000,3.030000,1647600
2018-04-18,3.060000,3.190000,3.060000,3.150000,3.150000,699700
2018-04-19,3.130000,3.200000,2.930000,3.050000,3.050000,934100
2018-04-20,3.020000,3.110000,2.900000,3.010000,3.010000,820800
2018-04-23,3.240000,3.280000,3.040000,3.240000,3.240000,2365200
2018-04-24,3.260000,3.390000,3.090000,3.320000,3.320000,1422900
2018-04-25,3.260000,3.310000,3.170000,3.220000,3.220000,687600
2018-04-26,3.230000,3.280000,3.170000,3.220000,3.220000,433900
2018-04-27,3.200000,3.280000,3.110000,3.160000,3.160000,718400
2018-04-30,3.160000,3.160000,2.980000,2.990000,2.990000,1064100
2018-05-01,2.990000,3.020000,2.880000,3.000000,3.000000,861400
2018-05-02,3.010000,3.150000,2.980000,3.050000,3.050000,718500
2018-05-03,3.050000,3.190000,3.020000,3.130000,3.130000,974100
2018-05-04,3.130000,3.390000,3.090000,3.300000,3.300000,1313300
2018-05-07,3.290000,3.310000,2.980000,2.990000,2.990000,1549000
2018-05-08,2.970000,3.010000,2.740000,2.760000,2.760000,1801100
2018-05-09,2.810000,3.460000,2.610000,3.200000,3.200000,12319700
2018-05-10,3.230000,3.290000,3.000000,3.150000,3.150000,3522600
2018-05-11,3.170000,3.580000,3.090000,3.420000,3.420000,3886100
2018-05-14,3.800000,4.080000,3.500000,3.650000,3.650000,7551600
2018-05-15,3.600000,3.650000,3.350000,3.500000,3.500000,2451200
2018-05-16,3.550000,3.850000,3.500000,3.800000,3.800000,2245400
2018-05-17,3.800000,3.860000,3.620000,3.690000,3.690000,1930200
2018-05-18,3.710000,3.710000,3.470000,3.590000,3.590000,1624900
2018-05-21,3.720000,3.910000,3.580000,3.630000,3.630000,2219600
2018-05-22,3.640000,3.650000,3.270000,3.380000,3.380000,3212100
2018-05-23,3.330000,3.420000,3.220000,3.390000,3.390000,2101600
2018-05-24,3.400000,3.400000,3.250000,3.310000,3.310000,772000
2018-05-25,3.310000,3.600000,3.310000,3.490000,3.490000,1795100
2018-05-29,3.480000,3.590000,3.410000,3.440000,3.440000,1080300
2018-05-30,3.460000,3.460000,3.140000,3.210000,3.210000,3801100
2018-05-31,3.000000,3.020000,2.800000,2.810000,2.810000,3740300
2018-06-01,2.810000,2.810000,2.270000,2.280000,2.280000,5508900
2018-06-04,2.300000,2.300000,2.110000,2.150000,2.150000,2485700
2018-06-05,2.130000,2.390000,2.080000,2.280000,2.280000,3465800
2018-06-06,2.230000,2.270000,2.170000,2.190000,2.190000,1798900
2018-06-07,2.190000,2.350000,2.190000,2.280000,2.280000,1749600
2018-06-08,2.290000,2.350000,2.250000,2.300000,2.300000,1515200
2018-06-11,2.280000,2.470000,2.240000,2.410000,2.410000,1941700
2018-06-12,2.520000,2.670000,2.430000,2.450000,2.450000,3347100
2018-06-13,2.490000,2.790000,2.450000,2.660000,2.660000,3120900
2018-06-14,2.680000,2.830000,2.550000,2.570000,2.570000,2600000
2018-06-15,2.540000,2.680000,2.510000,2.580000,2.580000,1642200
2018-06-18,2.580000,2.660000,2.530000,2.580000,2.580000,1325600
2018-06-19,2.530000,2.590000,2.460000,2.480000,2.480000,1075700
2018-06-20,2.500000,2.580000,2.440000,2.470000,2.470000,976300
2018-06-21,2.480000,2.490000,2.350000,2.370000,2.370000,1258600
2018-06-22,2.390000,2.480000,2.360000,2.420000,2.420000,3671800
2018-06-25,2.390000,2.400000,2.230000,2.260000,2.260000,1938600
2018-06-26,2.270000,2.340000,2.270000,2.300000,2.300000,985100
2018-06-27,2.290000,2.340000,2.160000,2.170000,2.170000,1247500
2018-06-28,2.160000,2.290000,2.130000,2.260000,2.260000,1143300
2018-06-29,2.270000,2.370000,2.220000,2.370000,2.370000,1163100
2018-07-02,2.320000,2.500000,2.300000,2.340000,2.340000,1275300
2018-07-03,2.350000,2.420000,2.270000,2.280000,2.280000,656900
2018-07-05,2.290000,2.360000,2.270000,2.310000,2.310000,538300
2018-07-06,2.300000,2.320000,2.250000,2.270000,2.270000,797600
2018-07-09,2.250000,2.460000,2.250000,2.300000,2.300000,633800
2018-07-10,2.280000,2.360000,2.280000,2.310000,2.310000,526300
2018-07-11,2.280000,2.420000,2.280000,2.390000,2.390000,728900
2018-07-12,2.380000,2.380000,2.300000,2.330000,2.330000,557400
2018-07-13,2.310000,2.420000,2.250000,2.260000,2.260000,1076100
2018-07-16,2.280000,2.320000,2.170000,2.180000,2.180000,1354500
2018-07-17,2.180000,2.240000,2.150000,2.200000,2.200000,935000
2018-07-18,2.200000,2.210000,2.130000,2.170000,2.170000,915700
2018-07-19,2.160000,2.230000,2.160000,2.210000,2.210000,822300
2018-07-20,2.220000,2.240000,2.180000,2.210000,2.210000,513100
2018-07-23,2.170000,2.200000,2.130000,2.150000,2.150000,699200
2018-07-24,2.140000,2.190000,2.040000,2.050000,2.050000,1417100
2018-07-25,2.050000,2.090000,2.010000,2.070000,2.070000,747700
2018-07-26,2.040000,2.130000,2.040000,2.050000,2.050000,483400
2018-07-27,2.040000,2.070000,1.860000,1.910000,1.910000,1966800
2018-07-30,1.900000,1.910000,1.760000,1.830000,1.830000,1691600
2018-07-31,1.760000,1.870000,1.760000,1.840000,1.840000,1165100
2018-08-01,1.820000,1.900000,1.800000,1.850000,1.850000,914900
2018-08-02,1.820000,1.880000,1.800000,1.820000,1.820000,650400
2018-08-03,1.810000,1.880000,1.810000,1.850000,1.850000,330200
2018-08-06,1.850000,1.890000,1.850000,1.860000,1.860000,403800
2018-08-07,1.870000,1.930000,1.830000,1.910000,1.910000,560700
2018-08-08,1.920000,2.010000,1.870000,1.980000,1.980000,875900
2018-08-09,1.900000,2.010000,1.900000,1.920000,1.920000,552300
2018-08-10,1.900000,1.980000,1.890000,1.910000,1.910000,608800
2018-08-13,1.900000,1.920000,1.780000,1.790000,1.790000,988600
2018-08-14,1.800000,1.850000,1.790000,1.830000,1.830000,750400
2018-08-15,1.770000,1.820000,1.580000,1.590000,1.590000,2299200
2018-08-16,1.590000,1.640000,1.420000,1.460000,1.460000,1757200
2018-08-17,1.440000,1.440000,1.270000,1.320000,1.320000,2442800
2018-08-20,1.300000,1.350000,1.220000,1.230000,1.230000,2004300
2018-08-21,1.260000,1.280000,1.200000,1.230000,1.230000,2213900
2018-08-22,1.230000,1.230000,1.150000,1.180000,1.180000,1727800
2018-08-23,1.180000,1.190000,1.090000,1.110000,1.110000,1898100
2018-08-24,1.120000,1.130000,1.070000,1.100000,1.100000,2560800
2018-08-27,1.090000,1.130000,1.090000,1.110000,1.110000,1048300
2018-08-28,1.280000,1.310000,1.170000,1.250000,1.250000,6769300
2018-08-29,1.270000,1.280000,1.120000,1.220000,1.220000,4088900
2018-08-30,1.240000,1.260000,1.200000,1.260000,1.260000,1715000
2018-08-31,1.230000,1.470000,1.230000,1.340000,1.340000,4285600
2018-09-04,1.400000,1.400000,1.280000,1.300000,1.300000,1726500
2018-09-05,1.280000,1.420000,1.230000,1.410000,1.410000,2214200
2018-09-06,1.400000,1.630000,1.380000,1.560000,1.560000,4009900
2018-09-07,1.570000,1.700000,1.500000,1.680000,1.680000,3304700
2018-09-10,1.660000,1.690000,1.310000,1.410000,1.410000,4043000
2018-09-11,1.400000,1.510000,1.320000,1.390000,1.390000,2389100
2018-09-12,1.380000,1.480000,1.310000,1.330000,1.330000,2005800
2018-09-13,1.360000,1.360000,1.210000,1.210000,1.210000,3639400
2018-09-14,1.370000,1.380000,1.200000,1.250000,1.250000,5720300
2018-09-17,1.240000,1.290000,1.190000,1.210000,1.210000,1704500
2018-09-18,1.220000,1.270000,1.170000,1.250000,1.250000,1726200
2018-09-19,1.240000,1.270000,1.200000,1.220000,1.220000,1283200
2018-09-20,1.220000,1.310000,1.220000,1.290000,1.290000,2711300
2018-09-21,1.290000,1.340000,1.250000,1.270000,1.270000,2004200
2018-09-24,1.300000,1.320000,1.130000,1.240000,1.240000,3471000
2018-09-25,1.210000,1.220000,1.160000,1.170000,1.170000,1381600
2018-09-26,1.150000,1.170000,1.100000,1.120000,1.120000,2988300
2018-09-27,1.110000,1.110000,1.000000,1.010000,1.010000,3382100
2018-09-28,1.000000,1.010000,0.820000,0.970000,0.970000,5306300
2018-10-01,0.990000,0.990000,0.810000,0.810000,0.810000,4058800
2018-10-02,0.820000,0.850000,0.810000,0.810000,0.810000,2529500
2018-10-03,0.840000,0.840000,0.750000,0.770000,0.770000,2705500
2018-10-04,0.760000,0.790000,0.730000,0.730000,0.730000,1975200
2018-10-05,0.730000,0.730000,0.630000,0.630000,0.630000,3458400
2018-10-08,0.630000,0.660000,0.590000,0.620000,0.620000,1793600
2018-10-09,0.640000,0.650000,0.560000,0.590000,0.590000,1682500
2018-10-10,0.440000,0.570000,0.350000,0.490000,0.490000,14140700
2018-10-11,0.490000,0.510000,0.340000,0.340000,0.340000,7967800
2018-10-12,0.360000,0.460000,0.350000,0.410000,0.410000,8865900
2018-10-15,0.350000,0.370000,0.280000,0.310000,0.310000,17477600
2018-10-16,0.330000,0.700000,0.320000,0.400000,0.400000,31485900
2018-10-17,0.410000,0.640000,0.410000,0.630000,0.630000,31817400
2018-10-18,0.580000,0.600000,0.510000,0.510000,0.510000,7264400
2018-10-19,0.530000,0.560000,0.450000,0.470000,0.470000,8319200
2018-10-22,0.460000,0.480000,0.400000,0.420000,0.420000,5309400
2018-10-23,0.400000,0.420000,0.350000,0.370000,0.370000,10337900
2018-10-24,0.330000,0.330000,0.210000,0.260000,0.260000,8150900
2018-10-25,0.270000,0.270000,0.150000,0.160000,0.160000,17359700
2018-10-26,0.130000,0.240000,0.120000,0.200000,0.200000,8807300
2018-10-29,0.220000,0.220000,0.160000,0.170000,0.170000,2569800
2018-10-30,0.170000,0.200000,0.160000,0.190000,0.190000,1717800
2018-10-31,0.190000,0.230000,0.190000,0.200000,0.200000,1885900
2018-11-01,0.200000,0.210000,0.180000,0.200000,0.200000,980200
2018-11-02,0.200000,0.210000,0.190000,0.200000,0.200000,644100
2018-11-05,0.200000,0.260000,0.190000,0.240000,0.240000,3169600
2018-11-06,0.250000,0.260000,0.210000,0.230000,0.230000,2162600
2018-11-07,0.230000,0.250000,0.220000,0.250000,0.250000,1726100
2018-11-08,0.250000,0.340000,0.240000,0.300000,0.300000,3746600
2018-11-09,0.320000,0.370000,0.290000,0.330000,0.330000,2109900
2018-11-12,0.350000,0.360000,0.300000,0.300000,0.300000,1047200
2018-11-13,0.300000,0.370000,0.280000,0.360000,0.360000,3027500
2018-11-14,0.370000,0.470000,0.370000,0.440000,0.440000,3454800
2018-11-15,0.450000,0.460000,0.360000,0.370000,0.370000,1738600
2018-11-16,0.390000,0.420000,0.370000,0.400000,0.400000,946400
2018-11-19,0.400000,0.420000,0.400000,0.410000,0.410000,571800
2018-11-20,0.410000,0.420000,0.380000,0.390000,0.390000,810000
2018-11-21,0.400000,0.410000,0.390000,0.400000,0.400000,284900
2018-11-23,0.400000,0.410000,0.380000,0.390000,0.390000,382800
2018-11-26,0.390000,0.400000,0.260000,0.310000,0.310000,1594800
2018-11-27,0.310000,0.330000,0.280000,0.310000,0.310000,1241400
2018-11-28,0.300000,0.440000,0.290000,0.360000,0.360000,2722000
2018-11-29,0.360000,0.370000,0.320000,0.350000,0.350000,1050600
2018-11-30,0.350000,0.350000,0.320000,0.340000,0.340000,385700
2018-12-03,0.330000,0.340000,0.290000,0.310000,0.310000,1003500
2018-12-04,0.300000,0.300000,0.250000,0.260000,0.260000,1970700
2018-12-06,0.280000,0.300000,0.260000,0.270000,0.270000,2754800
2018-12-07,0.280000,0.300000,0.270000,0.270000,0.270000,947500
2018-12-10,0.280000,0.280000,0.220000,0.240000,0.240000,2387700
2018-12-11,0.240000,0.240000,0.180000,0.210000,0.210000,867300
2018-12-12,0.200000,0.220000,0.190000,0.210000,0.210000,727000
2018-12-13,0.210000,0.220000,0.190000,0.200000,0.200000,595100
2018-12-14,0.200000,0.230000,0.190000,0.210000,0.210000,475900
2018-12-17,0.210000,0.220000,0.190000,0.200000,0.200000,478100
2018-12-18,0.200000,0.220000,0.180000,0.200000,0.200000,548500
2018-12-19,0.190000,0.210000,0.190000,0.190000,0.190000,259400
2018-12-20,0.200000,0.200000,0.170000,0.180000,0.180000,1503900
2018-12-21,0.180000,0.180000,0.150000,0.180000,0.180000,1419200
2018-12-24,0.170000,0.180000,0.160000,0.170000,0.170000,482800
2018-12-26,0.170000,0.170000,0.160000,0.160000,0.160000,470300
2018-12-27,0.170000,0.170000,0.160000,0.170000,0.170000,819700
2018-12-28,0.170000,0.220000,0.160000,0.170000,0.170000,3389500
2018-12-31,0.210000,0.270000,0.210000,0.270000,0.270000,4869000
2019-01-02,0.280000,0.510000,0.280000,0.490000,0.490000,11759800
2019-01-03,0.470000,0.480000,0.360000,0.390000,0.390000,6843500
2019-01-04,0.400000,0.430000,0.300000,0.320000,0.320000,4115000
2019-01-07,0.230000,0.320000,0.190000,0.300000,0.300000,7130300
2019-01-08,0.170000,0.420000,0.150000,0.390000,0.390000,19377400
2019-01-09,0.400000,0.430000,0.340000,0.390000,0.390000,8508700
2019-01-10,0.470000,0.580000,0.460000,0.480000,0.480000,12602000
2019-01-11,0.490000,0.500000,0.390000,0.410000,0.410000,4823300
2019-01-14,0.420000,0.560000,0.390000,0.470000,0.470000,5550900
2019-01-15,0.450000,0.520000,0.450000,0.500000,0.500000,3431300
2019-01-16,0.580000,0.840000,0.580000,0.770000,0.770000,17695600
2019-01-17,0.800000,0.840000,0.680000,0.700000,0.700000,6751600
2019-01-18,0.690000,0.800000,0.520000,0.580000,0.580000,6907600
2019-01-22,0.520000,0.580000,0.480000,0.520000,0.520000,3482300
2019-01-23,0.510000,0.560000,0.490000,0.520000,0.520000,1222700
2019-01-24,0.520000,0.580000,0.510000,0.560000,0.560000,1134400
2019-01-25,0.550000,0.580000,0.520000,0.550000,0.550000,1723100
2019-01-28,0.510000,0.550000,0.510000,0.520000,0.520000,803800
2019-01-29,0.520000,0.540000,0.510000,0.520000,0.520000,810700
2019-01-30,0.520000,0.530000,0.420000,0.470000,0.470000,1639600
2019-01-31,0.470000,0.520000,0.430000,0.510000,0.510000,713700
2019-02-01,0.500000,0.580000,0.500000,0.550000,0.550000,1534700
2019-02-04,0.560000,0.630000,0.550000,0.590000,0.590000,2217800
2019-02-05,0.590000,0.620000,0.520000,0.570000,0.570000,1309600
2019-02-06,0.570000,0.580000,0.540000,0.570000,0.570000,734800
2019-02-07,0.570000,0.790000,0.550000,0.760000,0.760000,6346600
2019-02-08,0.890000,1.090000,0.880000,0.920000,0.920000,13391000
2019-02-11,1.040000,1.500000,0.960000,1.410000,1.410000,12271100
2019-02-12,1.360000,2.100000,1.300000,1.890000,1.890000,23129800
2019-02-13,1.920000,2.770000,1.560000,1.700000,1.700000,28373000
2019-02-14,1.450000,1.990000,1.340000,1.440000,1.440000,13693000
2019-02-15,1.510000,1.750000,1.190000,1.240000,1.240000,8392900
2019-02-19,1.220000,1.330000,0.970000,0.980000,0.980000,10822300
2019-02-20,0.940000,1.190000,0.850000,1.120000,1.120000,10518000
2019-02-21,1.210000,1.230000,1.050000,1.120000,1.120000,4104600
2019-02-22,1.160000,1.190000,1.030000,1.130000,1.130000,2167400
2019-02-25,1.110000,1.120000,1.030000,1.060000,1.060000,2629700
2019-02-26,1.060000,1.070000,0.960000,1.000000,1.000000,3080000
2019-02-27,1.000000,1.010000,0.940000,0.960000,0.960000,1484100
2019-02-28,0.960000,0.970000,0.880000,0.880000,0.880000,1994700
2019-03-01,0.890000,0.890000,0.810000,0.850000,0.850000,2508300
2019-03-04,0.870000,0.870000,0.760000,0.830000,0.830000,2254900
2019-03-05,0.850000,1.020000,0.780000,0.980000,0.980000,2647300
2019-03-06,0.980000,0.980000,0.860000,0.890000,0.890000,1632200
2019-03-07,0.880000,0.910000,0.810000,0.880000,0.880000,1045700
2019-03-08,0.860000,0.890000,0.810000,0.850000,0.850000,1215700
2019-03-11,0.640000,0.730000,0.400000,0.630000,0.630000,8028600
2019-03-12,0.640000,0.650000,0.570000,0.600000,0.600000,2295700
2019-03-13,0.610000,0.670000,0.600000,0.660000,0.660000,1412800
2019-03-14,0.660000,0.670000,0.600000,0.670000,0.670000,1078500
2019-03-15,0.670000,0.830000,0.660000,0.780000,0.780000,1772200
2019-03-18,0.790000,0.790000,0.700000,0.740000,0.740000,773800
2019-03-19,0.730000,0.780000,0.710000,0.750000,0.750000,758100
2019-03-20,0.770000,0.810000,0.740000,0.800000,0.800000,699800
2019-03-21,0.830000,0.950000,0.810000,0.880000,0.880000,1614700
2019-03-22,0.920000,0.920000,0.850000,0.900000,0.900000,871800
2019-03-25,0.880000,0.900000,0.820000,0.830000,0.830000,714100
2019-03-26,0.820000,0.850000,0.700000,0.790000,0.790000,809200
2019-03-27,0.800000,0.800000,0.680000,0.750000,0.750000,934100
2019-03-28,0.760000,0.790000,0.730000,0.740000,0.740000,511400
2019-03-29,0.740000,0.760000,0.700000,0.740000,0.740000,802300
2019-04-01,0.710000,0.760000,0.710000,0.730000,0.730000,345100
2019-04-02,0.720000,0.750000,0.710000,0.720000,0.720000,202400
2019-04-03,0.700000,0.730000,0.690000,0.700000,0.700000,548100
2019-04-04,0.690000,0.730000,0.660000,0.720000,0.720000,986800
2019-04-05,0.750000,0.800000,0.730000,0.780000,0.780000,910500
2019-04-08,0.800000,0.920000,0.780000,0.920000,0.920000,2944900
2019-04-09,0.990000,1.240000,0.950000,1.080000,1.080000,5944800
2019-04-10,1.090000,1.190000,0.920000,0.970000,0.970000,3622300
2019-04-11,1.000000,1.060000,0.860000,0.910000,0.910000,1475900
2019-04-12,0.950000,1.000000,0.810000,0.840000,0.840000,1366900
2019-04-15,0.830000,0.880000,0.830000,0.840000,0.840000,659500
2019-04-16,0.730000,0.820000,0.680000,0.730000,0.730000,3329300
2019-04-17,0.720000,0.770000,0.680000,0.750000,0.750000,1457100
2019-04-18,0.710000,0.800000,0.690000,0.720000,0.720000,1363200
2019-04-22,0.710000,0.760000,0.680000,0.730000,0.730000,669100
2019-04-23,0.740000,0.760000,0.700000,0.730000,0.730000,368800
2019-04-24,0.720000,0.740000,0.720000,0.730000,0.730000,266700
2019-04-25,0.700000,0.710000,0.680000,0.690000,0.690000,1511600
2019-04-26,0.700000,0.710000,0.660000,0.670000,0.670000,715000
2019-04-29,0.660000,0.690000,0.650000,0.680000,0.680000,648400
2019-04-30,0.660000,0.700000,0.650000,0.690000,0.690000,399900
2019-05-01,0.690000,0.700000,0.660000,0.670000,0.670000,272900
2019-05-02,0.680000,0.730000,0.660000,0.700000,0.700000,673200
2019-05-03,0.690000,0.720000,0.660000,0.690000,0.690000,355900
2019-05-06,0.670000,0.690000,0.660000,0.660000,0.660000,308300
2019-05-07,0.690000,0.700000,0.660000,0.680000,0.680000,828300
2019-05-08,0.690000,0.690000,0.670000,0.670000,0.670000,256700
2019-05-09,0.670000,0.700000,0.660000,0.670000,0.670000,259400
2019-05-10,0.670000,0.680000,0.660000,0.670000,0.670000,228700
2019-05-13,0.650000,0.680000,0.640000,0.650000,0.650000,501900
2019-05-14,0.650000,0.680000,0.570000,0.600000,0.600000,1561500
2019-05-15,0.580000,0.610000,0.460000,0.540000,0.540000,1994400
2019-05-16,0.540000,0.560000,0.470000,0.480000,0.480000,2407500
2019-05-17,0.500000,0.500000,0.420000,0.420000,0.420000,1532900
2019-05-20,0.400000,0.430000,0.260000,0.370000,0.370000,3851700
2019-05-21,0.360000,0.450000,0.350000,0.450000,0.450000,2483500
2019-05-22,0.480000,0.530000,0.420000,0.460000,0.460000,2159200
2019-05-23,0.480000,0.480000,0.380000,0.450000,0.450000,1055100
2019-05-24,0.400000,0.440000,0.400000,0.410000,0.410000,273800
2019-05-28,0.420000,0.420000,0.310000,0.360000,0.360000,1533700
2019-05-29,0.350000,0.390000,0.350000,0.380000,0.380000,372500
2019-05-30,0.360000,0.430000,0.340000,0.390000,0.390000,363000
2019-05-31,0.400000,0.420000,0.340000,0.380000,0.380000,334000
2019-06-03,0.400000,0.420000,0.370000,0.380000,0.380000,284400
2019-06-04,0.380000,0.400000,0.370000,0.380000,0.380000,276400
2019-06-05,0.390000,0.390000,0.360000,0.370000,0.370000,334600
2019-06-06,0.360000,0.400000,0.360000,0.400000,0.400000,337800
2019-06-07,0.400000,0.400000,0.370000,0.400000,0.400000,313400
2019-06-10,0.370000,0.400000,0.370000,0.390000,0.390000,270200
2019-06-11,0.380000,0.390000,0.370000,0.380000,0.380000,245200
2019-06-12,0.360000,0.380000,0.360000,0.360000,0.360000,195000
2019-06-13,0.360000,0.380000,0.360000,0.360000,0.360000,175200
2019-06-14,0.360000,0.380000,0.360000,0.380000,0.380000,149900
2019-06-17,0.390000,0.390000,0.350000,0.360000,0.360000,182400
2019-06-18,0.350000,0.370000,0.320000,0.360000,0.360000,516600
2019-06-19,0.350000,0.370000,0.330000,0.360000,0.360000,205100
2019-06-20,0.360000,0.370000,0.350000,0.350000,0.350000,291500
2019-06-21,0.360000,0.370000,0.310000,0.320000,0.320000,449700
2019-06-24,0.310000,0.360000,0.310000,0.350000,0.350000,497000
2019-06-25,0.310000,0.350000,0.310000,0.340000,0.340000,281600
2019-06-26,0.350000,0.350000,0.320000,0.340000,0.340000,170900
2019-06-27,0.310000,0.350000,0.310000,0.330000,0.330000,352000
2019-06-28,0.340000,0.340000,0.290000,0.300000,0.300000,682300
2019-07-01,0.320000,0.320000,0.280000,0.280000,0.280000,697700
2019-07-02,0.280000,0.320000,0.260000,0.280000,0.280000,1402700
2019-07-03,0.270000,0.310000,0.270000,0.280000,0.280000,129400
2019-07-05,0.280000,0.300000,0.280000,0.280000,0.280000,194700
2019-07-08,0.300000,0.300000,0.270000,0.280000,0.280000,317100
2019-07-09,0.270000,0.320000,0.270000,0.300000,0.300000,311700
2019-07-10,0.280000,0.320000,0.280000,0.310000,0.310000,197500
2019-07-11,0.320000,0.380000,0.300000,0.370000,0.370000,727800
2019-07-12,0.340000,0.380000,0.310000,0.330000,0.330000,328900
2019-07-15,0.320000,0.370000,0.320000,0.360000,0.360000,160000
2019-07-16,0.300000,0.370000,0.300000,0.340000,0.340000,363300
2019-07-17,0.320000,0.340000,0.310000,0.320000,0.320000,262300
2019-07-18,0.320000,0.340000,0.310000,0.310000,0.310000,370400
2019-07-19,0.320000,0.330000,0.270000,0.300000,0.300000,352000
2019-07-22,0.320000,0.320000,0.290000,0.300000,0.300000,194100
2019-07-23,0.290000,0.300000,0.280000,0.280000,0.280000,119800
2019-07-24,0.280000,0.300000,0.270000,0.290000,0.290000,166600
2019-07-25,0.280000,0.300000,0.280000,0.290000,0.290000,265400
2019-07-26,0.280000,0.300000,0.280000,0.290000,0.290000,124900
2019-07-29,0.300000,0.310000,0.280000,0.310000,0.310000,199800
2019-07-30,0.290000,0.330000,0.290000,0.320000,0.320000,139700
2019-07-31,0.330000,0.330000,0.290000,0.320000,0.320000,104100
2019-08-01,0.290000,0.320000,0.290000,0.300000,0.300000,182100
2019-08-02,0.310000,0.310000,0.280000,0.280000,0.280000,354900
2019-08-05,0.290000,0.300000,0.270000,0.300000,0.300000,171400
2019-08-06,0.300000,0.300000,0.280000,0.300000,0.300000,123400
2019-08-07,0.300000,0.300000,0.270000,0.280000,0.280000,91700
2019-08-08,0.270000,0.300000,0.270000,0.280000,0.280000,78100
2019-08-09,0.270000,0.280000,0.270000,0.280000,0.280000,267300
2019-08-12,0.280000,0.290000,0.280000,0.290000,0.290000,107200
2019-08-13,0.300000,0.300000,0.280000,0.280000,0.280000,298000
2019-08-14,0.280000,0.300000,0.270000,0.280000,0.280000,120700
2019-08-15,0.280000,0.280000,0.270000,0.270000,0.270000,250500
2019-08-16,0.270000,0.270000,0.270000,0.270000,0.270000,0
2019-08-19,0.280000,0.290000,0.270000,0.280000,0.280000,216500
2019-08-20,0.290000,0.290000,0.270000,0.280000,0.280000,83700
2019-08-21,0.270000,0.290000,0.270000,0.280000,0.280000,271400
2019-08-22,0.280000,0.290000,0.270000,0.280000,0.280000,183300
2019-08-23,0.280000,0.290000,0.270000,0.270000,0.270000,100700
2019-08-26,0.270000,0.280000,0.260000,0.270000,0.270000,197800
2019-08-27,0.260000,0.280000,0.230000,0.250000,0.250000,331900
2019-08-28,0.280000,0.280000,0.230000,0.250000,0.250000,273700
2019-08-29,0.260000,0.270000,0.240000,0.250000,0.250000,265100
2019-08-30,0.230000,0.260000,0.230000,0.250000,0.250000,140800
2019-09-03,0.260000,0.260000,0.230000,0.250000,0.250000,193400
2019-09-04,0.240000,0.250000,0.230000,0.240000,0.240000,126100
2019-09-05,0.250000,0.250000,0.230000,0.250000,0.250000,215400
2019-09-06,0.250000,0.290000,0.240000,0.280000,0.280000,234900
2019-09-09,0.230000,0.280000,0.230000,0.250000,0.250000,305600
2019-09-10,0.240000,0.270000,0.230000,0.240000,0.240000,476000
2019-09-11,0.240000,0.270000,0.230000,0.270000,0.270000,239800
2019-09-12,0.280000,0.460000,0.260000,0.360000,0.360000,3336500
2019-09-13,0.370000,0.400000,0.300000,0.320000,0.320000,843500
2019-09-16,0.320000,0.350000,0.270000,0.290000,0.290000,498300
2019-09-17,0.280000,0.300000,0.240000,0.260000,0.260000,1142500
2019-09-18,0.260000,0.280000,0.250000,0.260000,0.260000,226300
2019-09-19,0.260000,0.280000,0.250000,0.280000,0.280000,151700
2019-09-20,0.240000,0.270000,0.240000,0.270000,0.270000,112000
2019-09-23,0.270000,0.280000,0.250000,0.270000,0.270000,144900
2019-09-24,0.250000,0.270000,0.250000,0.260000,0.260000,123800
2019-09-25,0.250000,0.270000,0.250000,0.270000,0.270000,185800
2019-09-26,0.270000,0.300000,0.260000,0.280000,0.280000,295400
2019-09-27,0.280000,0.300000,0.270000,0.280000,0.280000,133900
2019-09-30,0.280000,0.280000,0.250000,0.260000,0.260000,68900
2019-10-01,0.270000,0.280000,0.250000,0.270000,0.270000,237300
2019-10-02,0.250000,0.270000,0.250000,0.260000,0.260000,176600
2019-10-03,0.260000,0.290000,0.250000,0.250000,0.250000,298200
2019-10-04,0.250000,0.270000,0.250000,0.260000,0.260000,177100
2019-10-07,0.260000,0.270000,0.250000,0.260000,0.260000,124500
2019-10-08,0.160000,0.260000,0.150000,0.250000,0.250000,2104400
2019-10-09,0.250000,0.250000,0.230000,0.230000,0.230000,280200
2019-10-10,0.230000,0.240000,0.230000,0.230000,0.230000,170000
2019-10-11,0.230000,0.240000,0.230000,0.230000,0.230000,40100
2019-10-14,0.240000,0.250000,0.220000,0.230000,0.230000,295800
2019-10-15,0.250000,0.250000,0.230000,0.240000,0.240000,62600
2019-10-16,0.240000,0.240000,0.230000,0.230000,0.230000,83600
2019-10-17,0.240000,0.240000,0.230000,0.240000,0.240000,73100
2019-10-18,0.240000,0.260000,0.230000,0.250000,0.250000,507600
2019-10-21,0.250000,0.260000,0.240000,0.250000,0.250000,132700
2019-10-22,0.250000,0.260000,0.250000,0.250000,0.250000,83400
2019-10-23,0.240000,0.280000,0.240000,0.270000,0.270000,218800
2019-10-24,0.280000,0.280000,0.250000,0.260000,0.260000,167700
2019-10-25,0.230000,0.280000,0.230000,0.250000,0.250000,248400
2019-10-28,0.250000,0.290000,0.250000,0.280000,0.280000,716200
2019-10-29,0.280000,0.280000,0.260000,0.260000,0.260000,206400
2019-10-30,0.260000,0.280000,0.260000,0.270000,0.270000,148600
2019-10-31,0.270000,0.280000,0.260000,0.270000,0.270000,112300
2019-11-01,0.270000,0.280000,0.260000,0.270000,0.270000,235300
2019-11-04,0.280000,0.290000,0.260000,0.260000,0.260000,445100
2019-11-05,0.250000,0.260000,0.250000,0.260000,0.260000,192700
2019-11-06,0.260000,0.270000,0.250000,0.250000,0.250000,88000
2019-11-07,0.250000,0.290000,0.240000,0.260000,0.260000,661000
2019-11-08,0.280000,0.280000,0.260000,0.280000,0.280000,150900
2019-11-11,0.280000,0.280000,0.260000,0.270000,0.270000,98400
2019-11-12,0.280000,0.280000,0.260000,0.280000,0.280000,90600
2019-11-13,0.260000,0.280000,0.240000,0.250000,0.250000,394000
2019-11-14,0.270000,0.280000,0.250000,0.250000,0.250000,390100
2019-11-15,0.240000,0.280000,0.240000,0.250000,0.250000,321800
2019-11-18,0.250000,0.260000,0.230000,0.230000,0.230000,743900
2019-11-19,0.230000,0.250000,0.210000,0.230000,0.230000,276000
2019-11-20,0.210000,0.240000,0.210000,0.220000,0.220000,353400
2019-11-21,0.210000,0.230000,0.210000,0.220000,0.220000,273400
2019-11-22,0.230000,0.230000,0.220000,0.220000,0.220000,123900
2019-11-25,0.220000,0.240000,0.210000,0.220000,0.220000,359100
2019-11-26,0.220000,0.220000,0.200000,0.210000,0.210000,347200
2019-11-27,0.210000,0.220000,0.190000,0.210000,0.210000,410900
2019-11-29,0.210000,0.220000,0.190000,0.210000,0.210000,296500
2019-12-02,0.220000,0.220000,0.200000,0.220000,0.220000,522100
2019-12-03,0.200000,0.220000,0.200000,0.210000,0.210000,100900
2019-12-04,0.230000,0.230000,0.190000,0.190000,0.190000,690300
2019-12-05,0.200000,0.200000,0.180000,0.180000,0.180000,913200
2019-12-06,0.180000,0.190000,0.180000,0.180000,0.180000,505300
2019-12-09,0.180000,0.200000,0.170000,0.190000,0.190000,991700
2019-12-10,0.170000,0.210000,0.170000,0.200000,0.200000,537400
2019-12-11,0.200000,0.210000,0.180000,0.200000,0.200000,263600
2019-12-12,0.190000,0.200000,0.180000,0.200000,0.200000,221500
2019-12-13,0.180000,0.190000,0.180000,0.190000,0.190000,347100
2019-12-16,0.220000,0.220000,0.180000,0.180000,0.180000,250700
2019-12-17,0.190000,0.210000,0.180000,0.190000,0.190000,304000
2019-12-18,0.180000,0.210000,0.180000,0.200000,0.200000,157700
2019-12-19,0.200000,0.200000,0.180000,0.190000,0.190000,330200
2019-12-20,0.180000,0.200000,0.180000,0.190000,0.190000,268400
2019-12-23,0.180000,0.200000,0.180000,0.190000,0.190000,165000
2019-12-24,0.190000,0.190000,0.180000,0.190000,0.190000,349100
2019-12-26,0.200000,0.200000,0.170000,0.180000,0.180000,698800
2019-12-27,0.180000,0.180000,0.170000,0.180000,0.180000,319200
2019-12-30,0.180000,0.180000,0.170000,0.170000,0.170000,578600
2019-12-31,0.180000,0.180000,0.170000,0.170000,0.170000,926800
2020-01-02,0.160000,0.200000,0.160000,0.190000,0.190000,622500
2020-01-03,0.190000,0.200000,0.180000,0.200000,0.200000,284700
